,PCE,PRFIC1,PRRESCONS,PNFIC1,PNFIC96,CBIC1,HOUST,TLPRVCONS,NEWORDER,ISRATIO,INDPRO,FGCEC1,SLCEC1,SLCE,BOPXGS,BOPMGS,BOPGEXP,BOPGIMP,M2,GDP
1919-01-01,,,,,,,,,,,4.8654,,,,,,,,,
1919-02-01,,,,,,,,,,,4.6504,,,,,,,,,
1919-03-01,,,,,,,,,,,4.516,,,,,,,,,
1919-04-01,,,,,,,,,,,4.5966,,,,,,,,,
1919-05-01,,,,,,,,,,,4.6235,,,,,,,,,
1919-06-01,,,,,,,,,,,4.9192,,,,,,,,,
1919-07-01,,,,,,,,,,,5.2149,,,,,,,,,
1919-08-01,,,,,,,,,,,5.2955,,,,,,,,,
1919-09-01,,,,,,,,,,,5.188,,,,,,,,,
1919-10-01,,,,,,,,,,,5.1342,,,,,,,,,
1919-11-01,,,,,,,,,,,5.0536,,,,,,,,,
1919-12-01,,,,,,,,,,,5.1342,,,,,,,,,
1920-01-01,,,,,,,,,,,5.6181,,,,,,,,,
1920-02-01,,,,,,,,,,,5.6181,,,,,,,,,
1920-03-01,,,,,,,,,,,5.5106,,,,,,,,,
1920-04-01,,,,,,,,,,,5.2149,,,,,,,,,
1920-05-01,,,,,,,,,,,5.3493,,,,,,,,,
1920-06-01,,,,,,,,,,,5.403,,,,,,,,,
1920-07-01,,,,,,,,,,,5.2686,,,,,,,,,
1920-08-01,,,,,,,,,,,5.2955,,,,,,,,,
1920-09-01,,,,,,,,,,,5.1073,,,,,,,,,
1920-10-01,,,,,,,,,,,4.8923,,,,,,,,,
1920-11-01,,,,,,,,,,,4.4891,,,,,,,,,
1920-12-01,,,,,,,,,,,4.2203,,,,,,,,,
1921-01-01,,,,,,,,,,,3.9784,,,,,,,,,
1921-02-01,,,,,,,,,,,3.8977,,,,,,,,,
1921-03-01,,,,,,,,,,,3.7902,,,,,,,,,
1921-04-01,,,,,,,,,,,3.7902,,,,,,,,,
1921-05-01,,,,,,,,,,,3.8977,,,,,,,,,
1921-06-01,,,,,,,,,,,3.8708,,,,,,,,,
1921-07-01,,,,,,,,,,,3.8439,,,,,,,,,
1921-08-01,,,,,,,,,,,3.9784,,,,,,,,,
1921-09-01,,,,,,,,,,,4.0052,,,,,,,,,
1921-10-01,,,,,,,,,,,4.2472,,,,,,,,,
1921-11-01,,,,,,,,,,,4.1934,,,,,,,,,
1921-12-01,,,,,,,,,,,4.1665,,,,,,,,,
1922-01-01,,,,,,,,,,,4.3278,,,,,,,,,
1922-02-01,,,,,,,,,,,4.516,,,,,,,,,
1922-03-01,,,,,,,,,,,4.7579,,,,,,,,,
1922-04-01,,,,,,,,,,,4.5966,,,,,,,,,
1922-05-01,,,,,,,,,,,4.8385,,,,,,,,,
1922-06-01,,,,,,,,,,,5.0805,,,,,,,,,
1922-07-01,,,,,,,,,,,5.0805,,,,,,,,,
1922-08-01,,,,,,,,,,,4.9729,,,,,,,,,
1922-09-01,,,,,,,,,,,5.2417,,,,,,,,,
1922-10-01,,,,,,,,,,,5.5374,,,,,,,,,
1922-11-01,,,,,,,,,,,5.7794,,,,,,,,,
1922-12-01,,,,,,,,,,,5.9406,,,,,,,,,
1923-01-01,,,,,,,,,,,5.8062,,,,,,,,,
1923-02-01,,,,,,,,,,,5.8869,,,,,,,,,
1923-03-01,,,,,,,,,,,6.0751,,,,,,,,,
1923-04-01,,,,,,,,,,,6.2095,,,,,,,,,
1923-05-01,,,,,,,,,,,6.2901,,,,,,,,,
1923-06-01,,,,,,,,,,,6.2363,,,,,,,,,
1923-07-01,,,,,,,,,,,6.1826,,,,,,,,,
1923-08-01,,,,,,,,,,,6.0751,,,,,,,,,
1923-09-01,,,,,,,,,,,5.9406,,,,,,,,,
1923-10-01,,,,,,,,,,,5.9138,,,,,,,,,
1923-11-01,,,,,,,,,,,5.9138,,,,,,,,,
1923-12-01,,,,,,,,,,,5.7794,,,,,,,,,
1924-01-01,,,,,,,,,,,5.9138,,,,,,,,,
1924-02-01,,,,,,,,,,,6.0213,,,,,,,,,
1924-03-01,,,,,,,,,,,5.9138,,,,,,,,,
1924-04-01,,,,,,,,,,,5.7256,,,,,,,,,
1924-05-01,,,,,,,,,,,5.4837,,,,,,,,,
1924-06-01,,,,,,,,,,,5.2417,,,,,,,,,
1924-07-01,,,,,,,,,,,5.1611,,,,,,,,,
1924-08-01,,,,,,,,,,,5.3493,,,,,,,,,
1924-09-01,,,,,,,,,,,5.5374,,,,,,,,,
1924-10-01,,,,,,,,,,,5.6718,,,,,,,,,
1924-11-01,,,,,,,,,,,5.7794,,,,,,,,,
1924-12-01,,,,,,,,,,,5.9406,,,,,,,,,
1925-01-01,,,,,,,,,,,6.1288,,,,,,,,,
1925-02-01,,,,,,,,,,,6.1288,,,,,,,,,
1925-03-01,,,,,,,,,,,6.1288,,,,,,,,,
1925-04-01,,,,,,,,,,,6.1826,,,,,,,,,
1925-05-01,,,,,,,,,,,6.1557,,,,,,,,,
1925-06-01,,,,,,,,,,,6.1019,,,,,,,,,
1925-07-01,,,,,,,,,,,6.2632,,,,,,,,,
1925-08-01,,,,,,,,,,,6.1557,,,,,,,,,
1925-09-01,,,,,,,,,,,6.0751,,,,,,,,,
1925-10-01,,,,,,,,,,,6.317,,,,,,,,,
1925-11-01,,,,,,,,,,,6.4514,,,,,,,,,
1925-12-01,,,,,,,,,,,6.532,,,,,,,,,
1926-01-01,,,,,,,,,,,6.4245,,,,,,,,,
1926-02-01,,,,,,,,,,,6.4245,,,,,,,,,
1926-03-01,,,,,,,,,,,6.5051,,,,,,,,,
1926-04-01,,,,,,,,,,,6.5051,,,,,,,,,
1926-05-01,,,,,,,,,,,6.4514,,,,,,,,,
1926-06-01,,,,,,,,,,,6.532,,,,,,,,,
1926-07-01,,,,,,,,,,,6.5589,,,,,,,,,
1926-08-01,,,,,,,,,,,6.6396,,,,,,,,,
1926-09-01,,,,,,,,,,,6.7471,,,,,,,,,
1926-10-01,,,,,,,,,,,6.7471,,,,,,,,,
1926-11-01,,,,,,,,,,,6.7202,,,,,,,,,
1926-12-01,,,,,,,,,,,6.6933,,,,,,,,,
1927-01-01,,,,,,,,,,,6.6664,,,,,,,,,
1927-02-01,,,,,,,,,,,6.7202,,,,,,,,,
1927-03-01,,,,,,,,,,,6.8008,,,,,,,,,
1927-04-01,,,,,,,,,,,6.6396,,,,,,,,,
1927-05-01,,,,,,,,,,,6.6933,,,,,,,,,
1927-06-01,,,,,,,,,,,6.6664,,,,,,,,,
1927-07-01,,,,,,,,,,,6.5858,,,,,,,,,
1927-08-01,,,,,,,,,,,6.5858,,,,,,,,,
1927-09-01,,,,,,,,,,,6.4783,,,,,,,,,
1927-10-01,,,,,,,,,,,6.3439,,,,,,,,,
1927-11-01,,,,,,,,,,,6.3439,,,,,,,,,
1927-12-01,,,,,,,,,,,6.3707,,,,,,,,,
1928-01-01,,,,,,,,,,,6.5051,,,,,,,,,
1928-02-01,,,,,,,,,,,6.5589,,,,,,,,,
1928-03-01,,,,,,,,,,,6.6127,,,,,,,,,
1928-04-01,,,,,,,,,,,6.5858,,,,,,,,,
1928-05-01,,,,,,,,,,,6.6664,,,,,,,,,
1928-06-01,,,,,,,,,,,6.7202,,,,,,,,,
1928-07-01,,,,,,,,,,,6.8008,,,,,,,,,
1928-08-01,,,,,,,,,,,6.9352,,,,,,,,,
1928-09-01,,,,,,,,,,,6.989,,,,,,,,,
1928-10-01,,,,,,,,,,,7.1234,,,,,,,,,
1928-11-01,,,,,,,,,,,7.2578,,,,,,,,,
1928-12-01,,,,,,,,,,,7.3922,,,,,,,,,
1929-01-01,,,,,,,,,,,7.4997,,,,,,,,,
1929-02-01,,,,,,,,,,,7.4728,,,,,,,,,
1929-03-01,,,,,,,,,,,7.4997,,,,,,,,,
1929-04-01,,,,,,,,,,,7.6341,,,,,,,,,
1929-05-01,,,,,,,,,,,7.7685,,,,,,,,,
1929-06-01,,,,,,,,,,,7.8223,,,,,,,,,
1929-07-01,,,,,,,,,,,7.9298,,,,,,,,,
1929-08-01,,,,,,,,,,,7.8492,,,,,,,,,
1929-09-01,,,,,,,,,,,7.7954,,,,,,,,,
1929-10-01,,,,,,,,,,,7.661,,,,,,,,,
1929-11-01,,,,,,,,,,,7.2847,,,,,,,,,
1929-12-01,,,,,,,,,,,6.9621,,,,,,,,,
1930-01-01,,,,,,,,,,,6.9621,,,,,,,,,
1930-02-01,,,,,,,,,,,6.9352,,,,,,,,,
1930-03-01,,,,,,,,,,,6.8277,,,,,,,,,
1930-04-01,,,,,,,,,,,6.774,,,,,,,,,
1930-05-01,,,,,,,,,,,6.6664,,,,,,,,,
1930-06-01,,,,,,,,,,,6.4783,,,,,,,,,
1930-07-01,,,,,,,,,,,6.1826,,,,,,,,,
1930-08-01,,,,,,,,,,,6.0482,,,,,,,,,
1930-09-01,,,,,,,,,,,5.9406,,,,,,,,,
1930-10-01,,,,,,,,,,,5.7794,,,,,,,,,
1930-11-01,,,,,,,,,,,5.645,,,,,,,,,
1930-12-01,,,,,,,,,,,5.5106,,,,,,,,,
1931-01-01,,,,,,,,,,,5.4837,,,,,,,,,
1931-02-01,,,,,,,,,,,5.5106,,,,,,,,,
1931-03-01,,,,,,,,,,,5.6181,,,,,,,,,
1931-04-01,,,,,,,,,,,5.645,,,,,,,,,
1931-05-01,,,,,,,,,,,5.5643,,,,,,,,,
1931-06-01,,,,,,,,,,,5.4299,,,,,,,,,
1931-07-01,,,,,,,,,,,5.3493,,,,,,,,,
1931-08-01,,,,,,,,,,,5.1611,,,,,,,,,
1931-09-01,,,,,,,,,,,4.9192,,,,,,,,,
1931-10-01,,,,,,,,,,,4.731,,,,,,,,,
1931-11-01,,,,,,,,,,,4.6772,,,,,,,,,
1931-12-01,,,,,,,,,,,4.6504,,,,,,,,,
1932-01-01,,,,,,,,,,,4.516,,,,,,,,,
1932-02-01,,,,,,,,,,,4.4084,,,,,,,,,
1932-03-01,,,,,,,,,,,4.3547,,,,,,,,,
1932-04-01,,,,,,,,,,,4.059,,,,,,,,,
1932-05-01,,,,,,,,,,,3.9246,,,,,,,,,
1932-06-01,,,,,,,,,,,3.7902,,,,,,,,,
1932-07-01,,,,,,,,,,,3.6827,,,,,,,,,
1932-08-01,,,,,,,,,,,3.7902,,,,,,,,,
1932-09-01,,,,,,,,,,,4.0321,,,,,,,,,
1932-10-01,,,,,,,,,,,4.1665,,,,,,,,,
1932-11-01,,,,,,,,,,,4.1665,,,,,,,,,
1932-12-01,,,,,,,,,,,4.0859,,,,,,,,,
1933-01-01,,,,,,,,,,,4.0052,,,,,,,,,
1933-02-01,,,,,,,,,,,4.0321,,,,,,,,,
1933-03-01,,,,,,,,,,,3.7902,,,,,,,,,
1933-04-01,,,,,,,,,,,4.059,,,,,,,,,
1933-05-01,,,,,,,,,,,4.731,,,,,,,,,
1933-06-01,,,,,,,,,,,5.4568,,,,,,,,,
1933-07-01,,,,,,,,,,,5.9675,,,,,,,,,
1933-08-01,,,,,,,,,,,5.7256,,,,,,,,,
1933-09-01,,,,,,,,,,,5.403,,,,,,,,,
1933-10-01,,,,,,,,,,,5.1342,,,,,,,,,
1933-11-01,,,,,,,,,,,4.8385,,,,,,,,,
1933-12-01,,,,,,,,,,,4.8654,,,,,,,,,
1934-01-01,,,,,,,,,,,5.0267,,,,,,,,,
1934-02-01,,,,,,,,,,,5.2686,,,,,,,,,
1934-03-01,,,,,,,,,,,5.5106,,,,,,,,,
1934-04-01,,,,,,,,,,,5.5106,,,,,,,,,
1934-05-01,,,,,,,,,,,5.6181,,,,,,,,,
1934-06-01,,,,,,,,,,,5.5106,,,,,,,,,
1934-07-01,,,,,,,,,,,5.1342,,,,,,,,,
1934-08-01,,,,,,,,,,,5.0805,,,,,,,,,
1934-09-01,,,,,,,,,,,4.7848,,,,,,,,,
1934-10-01,,,,,,,,,,,4.9998,,,,,,,,,
1934-11-01,,,,,,,,,,,5.0536,,,,,,,,,
1934-12-01,,,,,,,,,,,5.3761,,,,,,,,,
1935-01-01,,,,,,,,,,,5.8062,,,,,,,,,
1935-02-01,,,,,,,,,,,5.9138,,,,,,,,,
1935-03-01,,,,,,,,,,,5.8869,,,,,,,,,
1935-04-01,,,,,,,,,,,5.7794,,,,,,,,,
1935-05-01,,,,,,,,,,,5.7794,,,,,,,,,
1935-06-01,,,,,,,,,,,5.86,,,,,,,,,
1935-07-01,,,,,,,,,,,5.86,,,,,,,,,
1935-08-01,,,,,,,,,,,6.075,,,,,,,,,
1935-09-01,,,,,,,,,,,6.2363,,,,,,,,,
1935-10-01,,,,,,,,,,,6.4245,,,,,,,,,
1935-11-01,,,,,,,,,,,6.5589,,,,,,,,,
1935-12-01,,,,,,,,,,,6.6395,,,,,,,,,
1936-01-01,,,,,,,,,,,6.532,,,,,,,,,
1936-02-01,,,,,,,,,,,6.3707,,,,,,,,,
1936-03-01,,,,,,,,,,,6.4514,,,,,,,,,
1936-04-01,,,,,,,,,,,6.8546,,,,,,,,,
1936-05-01,,,,,,,,,,,6.989,,,,,,,,,
1936-06-01,,,,,,,,,,,7.1234,,,,,,,,,
1936-07-01,,,,,,,,,,,7.2578,,,,,,,,,
1936-08-01,,,,,,,,,,,7.3653,,,,,,,,,
1936-09-01,,,,,,,,,,,7.4997,,,,,,,,,
1936-10-01,,,,,,,,,,,7.6073,,,,,,,,,
1936-11-01,,,,,,,,,,,7.8223,,,,,,,,,
1936-12-01,,,,,,,,,,,8.0642,,,,,,,,,
1937-01-01,,,,,,,,,,,8.0373,,,,,,,,,
1937-02-01,,,,,,,,,,,8.1449,,,,,,,,,
1937-03-01,,,,,,,,,,,8.333,,,,,,,,,
1937-04-01,,,,,,,,,,,8.333,,,,,,,,,
1937-05-01,,,,,,,,,,,8.3599,,,,,,,,,
1937-06-01,,,,,,,,,,,8.2524,,,,,,,,,
1937-07-01,,,,,,,,,,,8.3062,,,,,,,,,
1937-08-01,,,,,,,,,,,8.2524,,,,,,,,,
1937-09-01,,,,,,,,,,,7.9836,,,,,,,,,
1937-10-01,,,,,,,,,,,7.3922,,,,,,,,,
1937-11-01,,,,,,,,,,,6.6664,,,,,,,,,
1937-12-01,,,,,,,,,,,6.075,,,,,,,,,
1938-01-01,,,,,,,,,,,5.9406,,,,,,,,,
1938-02-01,,,,,,,,,,,5.8869,,,,,,,,,
1938-03-01,,,,,,,,,,,5.8869,,,,,,,,,
1938-04-01,,,,,,,,,,,5.7794,,,,,,,,,
1938-05-01,,,,,,,,,,,5.645,,,,,,,,,
1938-06-01,,,,,,,,,,,5.6987,,,,,,,,,
1938-07-01,,,,,,,,,,,6.0213,,,,,,,,,
1938-08-01,,,,,,,,,,,6.3439,,,,,,,,,
1938-09-01,,,,,,,,,,,6.532,,,,,,,,,
1938-10-01,,,,,,,,,,,6.6933,,,,,,,,,
1938-11-01,,,,,,,,,,,6.9621,,,,,,,,,
1938-12-01,,,,,,,,,,,7.0428,,,,,,,,,
1939-01-01,,,,,,,,,,,7.0428,,,,,,,,,
1939-02-01,,,,,,,,,,,7.0965,,,,,,,,,
1939-03-01,,,,,,,,,,,7.1234,,,,,,,,,
1939-04-01,,,,,,,,,,,7.0965,,,,,,,,,
1939-05-01,,,,,,,,,,,7.0696,,,,,,,,,
1939-06-01,,,,,,,,,,,7.2309,,,,,,,,,
1939-07-01,,,,,,,,,,,7.446,,,,,,,,,
1939-08-01,,,,,,,,,,,7.5535,,,,,,,,,
1939-09-01,,,,,,,,,,,8.0105,,,,,,,,,
1939-10-01,,,,,,,,,,,8.4137,,,,,,,,,
1939-11-01,,,,,,,,,,,8.6287,,,,,,,,,
1939-12-01,,,,,,,,,,,8.6287,,,,,,,,,
1940-01-01,,,,,,,,,,,8.5212,,,,,,,,,
1940-02-01,,,,,,,,,,,8.2524,,,,,,,,,
1940-03-01,,,,,,,,,,,8.0642,,,,,,,,,
1940-04-01,,,,,,,,,,,8.2255,,,,,,,,,
1940-05-01,,,,,,,,,,,8.4674,,,,,,,,,
1940-06-01,,,,,,,,,,,8.7362,,,,,,,,,
1940-07-01,,,,,,,,,,,8.8438,,,,,,,,,
1940-08-01,,,,,,,,,,,8.8975,,,,,,,,,
1940-09-01,,,,,,,,,,,9.0857,,,,,,,,,
1940-10-01,,,,,,,,,,,9.2201,,,,,,,,,
1940-11-01,,,,,,,,,,,9.4351,,,,,,,,,
1940-12-01,,,,,,,,,,,9.7577,,,,,,,,,
1941-01-01,,,,,,,,,,,9.9996,,,,,,,,,
1941-02-01,,,,,,,,,,,10.2953,,,,,,,,,
1941-03-01,,,,,,,,,,,10.6179,,,,,,,,,
1941-04-01,,,,,,,,,,,10.6448,,,,,,,,,
1941-05-01,,,,,,,,,,,11.1286,,,,,,,,,
1941-06-01,,,,,,,,,,,11.2093,,,,,,,,,
1941-07-01,,,,,,,,,,,11.3437,,,,,,,,,
1941-08-01,,,,,,,,,,,11.4781,,,,,,,,,
1941-09-01,,,,,,,,,,,11.4781,,,,,,,,,
1941-10-01,,,,,,,,,,,11.5856,,,,,,,,,
1941-11-01,,,,,,,,,,,11.6394,,,,,,,,,
1941-12-01,,,,,,,,,,,11.8275,,,,,,,,,
1942-01-01,,,,,,,,,,,12.0695,,,,,,,,,
1942-02-01,,,,,,,,,,,12.2845,,,,,,,,,
1942-03-01,,,,,,,,,,,12.4189,,,,,,,,,
1942-04-01,,,,,,,,,,,12.0695,,,,,,,,,
1942-05-01,,,,,,,,,,,12.0963,,,,,,,,,
1942-06-01,,,,,,,,,,,12.1232,,,,,,,,,
1942-07-01,,,,,,,,,,,12.4189,,,,,,,,,
1942-08-01,,,,,,,,,,,12.7952,,,,,,,,,
1942-09-01,,,,,,,,,,,13.0909,,,,,,,,,
1942-10-01,,,,,,,,,,,13.521,,,,,,,,,
1942-11-01,,,,,,,,,,,13.8436,,,,,,,,,
1942-12-01,,,,,,,,,,,14.1662,,,,,,,,,
1943-01-01,,,,,,,,,,,14.3006,,,,,,,,,
1943-02-01,,,,,,,,,,,14.6769,,,,,,,,,
1943-03-01,,,,,,,,,,,14.7844,,,,,,,,,
1943-04-01,,,,,,,,,,,14.9726,,,,,,,,,
1943-05-01,,,,,,,,,,,15.0801,,,,,,,,,
1943-06-01,,,,,,,,,,,14.9995,,,,,,,,,
1943-07-01,,,,,,,,,,,15.4564,,,,,,,,,
1943-08-01,,,,,,,,,,,15.779,,,,,,,,,
1943-09-01,,,,,,,,,,,16.1822,,,,,,,,,
1943-10-01,,,,,,,,,,,16.4241,,,,,,,,,
1943-11-01,,,,,,,,,,,16.6392,,,,,,,,,
1943-12-01,,,,,,,,,,,16.4241,,,,,,,,,
1944-01-01,,,,,,,,,,,16.6123,,,,,,,,,
1944-02-01,,,,,,,,,,,16.7467,,,,,,,,,
1944-03-01,,,,,,,,,,,16.7198,,,,,,,,,
1944-04-01,,,,,,,,,,,16.7198,,,,,,,,,
1944-05-01,,,,,,,,,,,16.6123,,,,,,,,,
1944-06-01,,,,,,,,,,,16.5585,,,,,,,,,
1944-07-01,,,,,,,,,,,16.5317,,,,,,,,,
1944-08-01,,,,,,,,,,,16.7467,,,,,,,,,
1944-09-01,,,,,,,,,,,16.6392,,,,,,,,,
1944-10-01,,,,,,,,,,,16.693,,,,,,,,,
1944-11-01,,,,,,,,,,,16.5585,,,,,,,,,
1944-12-01,,,,,,,,,,,16.5048,,,,,,,,,
1945-01-01,,,,,,,,,,,16.3435,,,,,,,,,
1945-02-01,,,,,,,,,,,16.2897,,,,,,,,,
1945-03-01,,,,,,,,,,,16.1822,,,,,,,,,
1945-04-01,,,,,,,,,,,15.8865,,,,,,,,,
1945-05-01,,,,,,,,,,,15.4564,,,,,,,,,
1945-06-01,,,,,,,,,,,15.107,,,,,,,,,
1945-07-01,,,,,,,,,,,14.7576,,,,,,,,,
1945-08-01,,,,,,,,,,,13.2253,,,,,,,,,
1945-09-01,,,,,,,,,,,12.0426,,,,,,,,,
1945-10-01,,,,,,,,,,,11.5587,,,,,,,,,
1945-11-01,,,,,,,,,,,11.9888,,,,,,,,,
1945-12-01,,,,,,,,,,,12.0426,,,,,,,,,
1946-01-01,,,,,,,,,,,11.3706,,,,,,,,,
1946-02-01,,,,,,,,,,,10.8061,,,,,,,,,
1946-03-01,,,,,,,,,,,11.9351,,,,,,,,,
1946-04-01,,,,,,,,,,,11.72,,,,,,,,,
1946-05-01,,,,,,,,,,,11.2899,,,,,,,,,
1946-06-01,,,,,,,,,,,11.9888,,,,,,,,,
1946-07-01,,,,,,,,,,,12.392,,,,,,,,,
1946-08-01,,,,,,,,,,,12.849,,,,,,,,,
1946-09-01,,,,,,,,,,,13.0909,,,,,,,,,
1946-10-01,,,,,,,,,,,13.3329,,,,,,,,,
1946-11-01,,,,,,,,,,,13.4135,,,,,,,,,
1946-12-01,,,,,,,,,,,13.4941,,,,,,,,,
1947-01-01,,,,,,6.238,,,,,13.6554,,,13.318,,,,,,243.164
1947-02-01,,,,,,,,,,,13.7361,,,,,,,,,
1947-03-01,,,,,,,,,,,13.8167,,,,,,,,,
1947-04-01,,,,,,-4.326,,,,,13.7092,,,13.714,,,,,,245.968
1947-05-01,,,,,,,,,,,13.7629,,,,,,,,,
1947-06-01,,,,,,,,,,,13.7629,,,,,,,,,
1947-07-01,,,,,,-16.874,,,,,13.6823,,,14.324,,,,,,249.585
1947-08-01,,,,,,,,,,,13.7629,,,,,,,,,
1947-09-01,,,,,,,,,,,13.8705,,,,,,,,,
1947-10-01,,,,,,-2.822,,,,,14.0049,,,15.009,,,,,,259.745
1947-11-01,,,,,,,,,,,14.193,,,,,,,,,
1947-12-01,,,,,,,,,,,14.2468,,,,,,,,,
1948-01-01,,,,,,14.095,,,,,14.3274,,,15.525,,,,,,265.742
1948-02-01,,,,,,,,,,,14.3543,,,,,,,,,
1948-03-01,,,,,,,,,,,14.1931,,,,,,,,,
1948-04-01,,,,,,26.813,,,,,14.2199,,,16.299,,,,,,272.567
1948-05-01,,,,,,,,,,,14.4618,,,,,,,,,
1948-06-01,,,,,,,,,,,14.65,,,,,,,,,
1948-07-01,,,,,,31.333,,,,,14.65,,,17.174,,,,,,279.196
1948-08-01,,,,,,,,,,,14.5962,,,,,,,,,
1948-09-01,,,,,,,,,,,14.4887,,,,,,,,,
1948-10-01,,,,,,24.243,,,,,14.5963,,,17.859,,,,,,280.366
1948-11-01,,,,,,,,,,,14.4081,,,,,,,,,
1948-12-01,,,,,,,,,,,14.2737,,,,,,,,,
1949-01-01,,,,,,-2.474,,,,,14.1393,,,18.403,,,,,,275.034
1949-02-01,,,,,,,,,,,14.0049,,,,,,,,,
1949-03-01,,,,,,,,,,,13.7361,,,,,,,,,
1949-04-01,,,,,,-21.832,,,,,13.6554,,,19.138,,,,,,271.351
1949-05-01,,,,,,,,,,,13.4673,,,,,,,,,
1949-06-01,,,,,,,,,,,13.4404,,,,,,,,,
1949-07-01,,,,,,-4.783,,,,,13.4135,,,19.88,,,,,,272.889
1949-08-01,,,,,,,,,,,13.5479,,,,,,,,,
1949-09-01,,,,,,,,,,,13.6823,,,,,,,,,
1949-10-01,,,,,,-21.818,,,,,13.1716,,,20.121,,,,,,270.627
1949-11-01,,,,,,,,,,,13.521,,,,,,,,,
1949-12-01,,,,,,,,,,,13.7629,,,,,,,,,
1950-01-01,,,,,,9.151,,,,,14.0049,,,20.412,,,,,,280.828
1950-02-01,,,,,,,,,,,14.0586,,,,,,,,,
1950-03-01,,,,,,,,,,,14.5156,,,,,,,,,
1950-04-01,,,,,,13.359,,,,,14.9995,,,20.72,,,,,,290.383
1950-05-01,,,,,,,,,,,15.3489,,,,,,,,,
1950-06-01,,,,,,,,,,,15.8059,,,,,,,,,
1950-07-01,,,,,,17.541,,,,,16.3166,,,21.319,,,,,,308.153
1950-08-01,,,,,,,,,,,16.8274,,,,,,,,,
1950-09-01,,,,,,,,,,,16.7198,,,,,,,,,
1950-10-01,,,,,,56.183,,,,,16.8273,,,21.937,,,,,,319.945
1950-11-01,,,,,,,,,,,16.8005,,,,,,,,,
1950-12-01,,,,,,,,,,,17.0962,,,,,,,,,
1951-01-01,,,,,,34.908,,,,,17.1499,,,22.46,,,,,,336.0
1951-02-01,,,,,,,,,,,17.2575,,,,,,,,,
1951-03-01,,,,,,,,,,,17.3381,,,,,,,,,
1951-04-01,,,,,,50.756,,,,,17.365,,,23.22,,,,,,344.09
1951-05-01,,,,,,,,,,,17.3112,,,,,,,,,
1951-06-01,,,,,,,,,,,17.2306,,,,,,,,,
1951-07-01,,,,,,33.468,,,,,16.9618,,,23.743,,,,,,351.385
1951-08-01,,,,,,,,,,,16.8005,,,,,,,,,
1951-09-01,,,,,,,,,,,16.908,,,,,,,,,
1951-10-01,,,,,,14.383,,,,,16.8811,,,24.003,,,,,,356.178
1951-11-01,,,,,,,,,,,17.0155,,,,,,,,,
1951-12-01,,,,,,,,,,,17.123,,,,,,,,,
1952-01-01,,,,,,18.048,,,,,17.3112,,,24.098,,,,,,359.82
1952-02-01,,,,,,,,,,,17.4187,,,,,,,,,
1952-03-01,,,,,,,,,,,17.4725,,,,,,,,,
1952-04-01,,,,,,-4.389,,,,,17.3112,,,24.919,,,,,,361.03
1952-05-01,,,,,,,,,,,17.1499,,,,,,,,,
1952-06-01,,,,,,,,,,,16.9886,,,,,,,,,
1952-07-01,,,,,,19.996,,,,,16.7198,,,24.753,,,,,,367.701
1952-08-01,,,,,,,,,,,17.7951,,,,,,,,,
1952-09-01,,,,,,,,,,,18.4402,,,,,,,,,
1952-10-01,,,,,,20.051,,,,,18.6284,,,25.302,,,,,,380.812
1952-11-01,,,,,,,,,,,19.0047,,,,,,,,,
1952-12-01,,,,,,,,,,,19.1122,,,,,,,,,
1953-01-01,,,,,,16.203,,,,,19.166,,,26.105,,,,,,387.98
1953-02-01,,,,,,,,,,,19.2735,,,,,,,,,
1953-03-01,,,,,,,,,,,19.4348,,,,,,,,,
1953-04-01,,,,,,15.897,,,,,19.5154,,,25.976,,,,,,391.749
1953-05-01,,,,,,,,,,,19.6229,,,,,,,,,
1953-06-01,,,,,,,,,,,19.5423,,,,,,,,,
1953-07-01,,,,,,9.642,,,,,19.7842,,,26.653,,,,,,391.171
1953-08-01,,,,,,,,,,,19.6767,,,,,,,,,
1953-09-01,,,,,,,,,,,19.2735,,,,,,,,,
1953-10-01,,,,,,-8.267,,,,,19.1122,,,27.228,,,,,,385.97
1953-11-01,,,,,,,,,,,18.6553,,,,,,,,,
1953-12-01,,,,,,,,,,,18.1983,,,,,,,,,
1954-01-01,,,,,,-7.346,,,,,18.0639,,,28.097,,,,,,385.345
1954-02-01,,,,,,,,,,,18.1176,,,,,,,,,
1954-03-01,,,,,,,,,,,18.0101,,,,,,,,,
1954-04-01,,,,,,-11.829,,,,,17.9026,,,28.842,,,,,,386.121
1954-05-01,,,,,,,,,,,18.0101,,,,,,,,,
1954-06-01,,,,,,,,,,,18.0639,,,,,,,,,
1954-07-01,,,,,,-9.423,,,,,18.0907,,,29.796,,,,,,390.996
1954-08-01,,,,,,,,,,,18.0639,,,,,,,,,
1954-09-01,,,,,,,,,,,18.0908,,,,,,,,,
1954-10-01,,,,,,-3.48,,,,,18.3058,,,30.112,,,,,,399.734
1954-11-01,,,,,,,,,,,18.6015,,,,,,,,,
1954-12-01,,,,,,,,,,,18.8434,,,,,,,,,
1955-01-01,,,,,,14.027,,,,,19.2735,,,31.149,,,,,,413.073
1955-02-01,,,,,,,,,,,19.5154,,,,,,,,,
1955-03-01,,,,,,,,,,,19.9724,,,,,,,,,
1955-04-01,,,,,,20.699,,,,,20.2143,,,31.684,,,,,,421.532
1955-05-01,,,,,,,,,,,20.5369,,,,,,,,,
1955-06-01,,,,,,,,,,,20.5638,,,,,,,,,
1955-07-01,,,,,,18.889,,,,,20.7251,,,32.176,,,,,,430.221
1955-08-01,,,,,,,,,,,20.6982,,,,,,,,,
1955-09-01,,,,,,,,,,,20.8326,,,,,,,,,
1955-10-01,,,,,,26.017,,,,,21.182,,,32.762,,,,,,437.092
1955-11-01,,,,,,,,,,,21.2358,,,,,,,,,
1955-12-01,,,,,,,,,,,21.3164,,,,,,,,,
1956-01-01,,,,,,21.944,,,,,21.4508,,,33.859,,,,,,439.746
1956-02-01,,,,,,,,,,,21.2627,,,,,,,,,
1956-03-01,,,,,,,,,,,21.2627,,,,,,,,,
1956-04-01,,,,,,15.246,,,,,21.424,,,34.731,,,,,,446.01
1956-05-01,,,,,,,,,,,21.2358,,,,,,,,,
1956-06-01,,,,,,,,,,,21.0476,,,,,,,,,
1956-07-01,,,,,,11.829,,,,,20.4025,,,35.483,,,,,,451.191
1956-08-01,,,,,,,,,,,21.2358,,,,,,,,,
1956-09-01,,,,,,,,,,,21.7197,,,,,,,,,
1956-10-01,,,,,,10.471,,,,,21.9078,,,36.187,,,,,,460.463
1956-11-01,,,,,,,,,,,21.7197,,,,,,,,,
1956-12-01,,,,,,,,,,,22.0422,,,,,,,,,
1957-01-01,,,,,,5.663,,,,,21.9616,,,37.45,,,,,,469.779
1957-02-01,,,,,,,,,,,22.1766,,,,,,,,,
1957-03-01,,,,,,,,,,,22.1498,,,,,,,,,
1957-04-01,,,,,,8.145,,,,,21.8541,,,38.318,,,,,,472.025
1957-05-01,,,,,,,,,,,21.7734,,,,,,,,,
1957-06-01,,,,,,,,,,,21.8272,,,,,,,,,
1957-07-01,,,,,,11.901,,,,,21.9616,,,39.05,,,,,,479.49
1957-08-01,,,,,,,,,,,21.9616,,,,,,,,,
1957-09-01,,,,,,,,,,,21.7734,,,,,,,,,
1957-10-01,,,,,,-11.091,,,,,21.4508,,,40.019,,,,,,474.864
1957-11-01,,,,,,,,,,,20.9401,,,,,,,,,
1957-12-01,,,,,,,,,,,20.5369,,,,,,,,,
1958-01-01,,,,,,-13.882,,,,,20.1606,,,41.106,,,,,,467.54
1958-02-01,,,,,,,,,,,19.7305,,,,,,,,,
1958-03-01,,,,,,,,,,,19.4885,,,,,,,,,
1958-04-01,,,,,,-12.101,,,,,19.166,,,42.075,,,,,,471.978
1958-05-01,,,,,,,,,,,19.3541,,,,,,,,,
1958-06-01,,,,,,,,,,,19.8649,,,,,,,,,
1958-07-01,,,,,,6.134,,,,,20.1606,,,43.208,,,,,,485.841
1958-08-01,,,,,,,,,,,20.5638,,,,,,,,,
1958-09-01,,,,,,,,,,,20.752,,,,,,,,,
1958-10-01,,,,,,16.137,,,,,20.9939,,,44.08,,,,,,499.555
1958-11-01,,,,,,,,,,,21.6121,,,,,,,,,
1958-12-01,,,,,,,,,,,21.639,,,,,,,,,
1959-01-01,306.1,,,,,13.08,1657.0,,,,21.9616,,,44.829,,,,,286.6,510.33
1959-02-01,309.6,,,,,,1667.0,,,,22.3917,,,,,,,,287.7,
1959-03-01,312.7,,,,,,1620.0,,,,22.7142,,,,,,,,289.2,
1959-04-01,312.2,,,,,33.118,1590.0,,,,23.1981,,,44.955,,,,,290.1,522.653
1959-05-01,316.1,,,,,,1498.0,,,,23.5476,,,,,,,,292.2,
1959-06-01,318.2,,,,,,1503.0,,,,23.5744,,,,,,,,294.1,
1959-07-01,317.8,,,,,3.92,1547.0,,,,23.0099,,,44.96,,,,,295.2,525.034
1959-08-01,320.2,,,,,,1430.0,,,,22.2304,,,,,,,,296.4,
1959-09-01,324.2,,,,,,1540.0,,,,22.2035,,,,,,,,296.7,
1959-10-01,322.8,,,,,19.404,1355.0,,,,22.0422,,,44.772,,,,,296.5,528.6
1959-11-01,322.9,,,,,,1416.0,,,,22.1766,,,,,,,,297.1,
1959-12-01,322.9,,,,,,1601.0,,,,23.5475,,,,,,,,297.8,
1960-01-01,323.6,,,,,48.436,1460.0,,,,24.1658,,,45.97,6.228,-5.719,,,298.2,542.648
1960-02-01,325.3,,,,,,1503.0,,,,23.9508,,,,,,,,298.4,
1960-03-01,330.2,,,,,,1109.0,,,,23.7357,,,,,,,,299.3,
1960-04-01,336.5,,,,,13.84,1289.0,,,,23.5476,,,47.314,6.631,-5.764,,,300.1,541.08
1960-05-01,330.0,,,,,,1271.0,,,,23.5207,,,,,,,,300.9,
1960-06-01,330.1,,,,,,1247.0,,,,23.225,,,,,,,,302.3,
1960-07-01,331.4,,,,,19.572,1197.0,,,,23.1443,,,48.258,6.484,-5.618,,,304.1,545.604
1960-08-01,331.6,,,,,,1344.0,,,,23.1175,,,,,,,,306.9,
1960-09-01,333.4,,,,,,1097.0,,,,22.8755,,,,,,,,308.4,
1960-10-01,335.4,,,,,-22.782,1246.0,,,,22.8487,,,49.039,6.598,-5.332,,,309.5,540.197
1960-11-01,335.4,,,,,,1246.0,,,,22.5261,,,,,,,,310.9,
1960-12-01,331.3,,,,,,1063.0,,,,22.096,,,,,,,,312.4,
1961-01-01,332.2,,,,,-10.386,1183.0,,,,22.1229,,,50.936,6.576,-5.306,,,314.1,545.018
1961-02-01,333.7,,,,,,1226.0,,,,22.096,,,,,,,,316.5,
1961-03-01,337.7,,,,,,1312.0,,,,22.2304,,,,,,,,318.3,
1961-04-01,337.6,,,,,8.962,1166.0,,,,22.6874,,,51.08,6.564,-5.36,,,319.9,555.545
1961-05-01,339.9,,,,,,1228.0,,,,23.0368,,,,,,,,322.2,
1961-06-01,340.9,,,,,,1382.0,,,,23.3594,,,,,,,,324.3,
1961-07-01,340.6,,,,,29.74,1335.0,,,,23.6282,,,51.825,6.506,-5.709,,,325.6,567.664
1961-08-01,342.1,,,,,,1312.0,,,,23.8432,,,,,,,,327.6,
1961-09-01,344.4,,,,,,1429.0,,,,23.8164,,,,,,,,329.5,
1961-10-01,346.5,,,,,24.675,1415.0,,,,24.2733,,,53.591,6.759,-5.835,,,331.1,580.612
1961-11-01,349.9,,,,,,1385.0,,,,24.6497,,,,,,,,333.4,
1961-12-01,352.4,,,,,,1365.0,,,,24.8647,,,,,,,,335.5,
1962-01-01,353.2,,,,,38.993,1361.0,,,,24.6496,,,53.776,6.743,-5.937,,,337.5,594.013
1962-02-01,354.0,,,,,,1278.0,,,,25.0529,,,,,,,,340.1,
1962-03-01,357.4,,,,,,1443.0,,,,25.1873,,,,,,,,343.1,
1962-04-01,359.0,,,,,24.493,1524.0,,,,25.241,,,54.299,7.34,-6.072,,,345.5,600.366
1962-05-01,362.0,,,,,,1483.0,,,,25.2141,,,,,,,,347.5,
1962-06-01,360.4,,,,,,1404.0,,,,25.1604,,,,,,,,349.3,
1962-07-01,361.4,,,,,28.725,1450.0,,,,25.4023,,,55.033,6.898,-6.121,,,350.8,609.027
1962-08-01,362.9,,,,,,1517.0,,,,25.4292,,,,,,,,352.8,
1962-09-01,368.8,,,,,,1324.0,,,,25.5905,,,,,,,,354.9,
1962-10-01,366.5,,,,,17.055,1533.0,,,,25.6174,,,55.966,6.746,-6.224,,,357.2,612.28
1962-11-01,371.7,,,,,,1622.0,,,,25.7249,,,,,,,,359.8,
1962-12-01,373.6,,,,,,1564.0,,,,25.7249,,,,,,,,362.7,
1963-01-01,374.4,,,,,33.543,1244.0,,,,25.913,,,57.517,6.912,-6.121,,,365.2,621.672
1963-02-01,373.4,,,,,,1456.0,,,,26.2088,,,,,,,,367.9,
1963-03-01,375.0,,,,,,1534.0,,,,26.37,,,,,,,,370.7,
1963-04-01,376.4,,,,,22.12,1689.0,,,,26.612,,,58.368,7.749,-6.292,,,373.3,629.752
1963-05-01,377.2,,,,,,1641.0,,,,26.9345,,,,,,,,376.1,
1963-06-01,381.7,,,,,,1588.0,,,,27.0152,,,,,,,,378.4,
1963-07-01,384.4,,,,,26.255,1614.0,,,,26.9076,,,60.051,7.291,-6.494,,,381.1,644.444
1963-08-01,386.3,,,,,,1639.0,,,,26.9614,,,,,,,,383.6,
1963-09-01,385.5,,,,,,1763.0,,,,27.2302,,,,,,,,386.0,
1963-10-01,386.0,,,,,19.18,1779.0,,,,27.4184,,,61.336,7.67,-6.504,,,388.3,653.938
1963-11-01,389.4,,,,,,1622.0,,,,27.5528,,,,,,,,391.5,
1963-12-01,394.7,,,,,,1491.0,,,,27.499,,,,,,,,393.2,
1964-01-01,396.8,,,,,20.471,1603.0,,,,27.7409,,,62.469,8.164,-6.556,,,395.2,669.822
1964-02-01,400.2,,,,,,1820.0,,,,27.9291,,,,,,,,397.6,
1964-03-01,401.8,,,,,,1517.0,,,,27.9291,,,,,,,,399.8,
1964-04-01,402.8,,,,,19.642,1448.0,,,,28.3861,,,64.189,8.287,-6.74,,,401.7,678.674
1964-05-01,408.4,,,,,,1467.0,,,,28.5474,,,,,,,,404.2,
1964-06-01,411.4,,,,,,1550.0,,,,28.628,,,,,,,,407.1,
1964-07-01,414.9,,,,,23.536,1562.0,,,,28.8162,,,65.186,8.274,-6.909,,,410.1,692.031
1964-08-01,417.7,,,,,,1569.0,,,,29.0043,,,,,,,,413.4,
1964-09-01,416.6,,,,,,1455.0,,,,29.1119,,,,,,,,416.9,
1964-10-01,419.6,,,,,22.509,1524.0,,,,28.7087,,,66.184,8.619,-7.116,,,419.1,697.319
1964-11-01,416.4,,,,,,1486.0,,,,29.5957,,,,,,,,422.0,
1964-12-01,421.0,,,,,,1484.0,,,,29.9452,,,,,,,,424.7,
1965-01-01,424.4,,,,,51.575,1361.0,,,,30.2677,,,67.532,7.815,-6.898,,,427.5,717.79
1965-02-01,431.4,,,,,,1433.0,,,,30.4559,,,,,,,,430.4,
1965-03-01,433.3,,,,,,1423.0,,,,30.8591,,,,,,,,433.2,
1965-04-01,437.1,,,,,37.157,1438.0,,,,30.9935,,,69.692,9.324,-7.697,,,435.4,730.191
1965-05-01,437.6,,,,,,1478.0,,,,31.2354,,,,,,,,437.1,
1965-06-01,435.2,,,,,,1488.0,,,,31.4774,,,,,,,,440.1,
1965-07-01,441.0,,,,,41.846,1529.0,,,,31.7731,,,72.285,8.763,-7.779,,,442.9,749.323
1965-08-01,444.4,,,,,,1432.0,,,,31.9075,,,,,,,,445.8,
1965-09-01,452.0,,,,,,1482.0,,,,31.9881,,,,,,,,449.5,
1965-10-01,458.5,,,,,33.654,1452.0,,,,32.3107,,,73.922,9.386,-8.248,,,452.6,771.857
1965-11-01,459.1,,,,,,1460.0,,,,32.4451,,,,,,,,455.7,
1965-12-01,461.7,,,,,,1656.0,,,,32.8483,,,,,,,,459.2,
1966-01-01,465.2,,,,,58.962,1370.0,,,,33.1709,,,75.83,9.366,-8.495,,,462.0,795.734
1966-02-01,470.2,,,,,,1378.0,,,,33.3859,,,,,,,,464.6,
1966-03-01,475.0,,,,,,1394.0,,,,33.8429,,,,,,,,467.2,
1966-04-01,476.9,,,,,56.666,1352.0,,,,33.8967,,,77.649,9.874,-8.796,,,469.3,804.981
1966-05-01,473.1,,,,,,1265.0,,,,34.2192,,,,,,,,470.1,
1966-06-01,475.5,,,,,,1194.0,,,,34.3805,,,,,,,,471.2,
1966-07-01,480.6,,,,,50.369,1086.0,,,,34.5687,,,79.533,9.591,-9.269,,,470.9,819.638
1966-08-01,483.2,,,,,,1119.0,,,,34.5955,,,,,,,,472.6,
1966-09-01,489.2,,,,,,1046.0,,,,34.9181,,,,,,,,475.4,
1966-10-01,488.3,,,,,69.319,843.0,,,,35.16,,,82.466,10.096,-9.427,,,475.7,833.302
1966-11-01,490.1,,,,,,961.0,,,,34.9181,,,,,,,,477.3,
1966-12-01,491.8,,,,,,990.0,,,,34.9987,,,,,,,,480.2,
1967-01-01,494.2,,,,,64.874,1067.0,,,,35.1638,,,84.654,10.482,-9.574,,,481.6,844.17
1967-02-01,493.0,,,,,,1123.0,,,,34.765,,,,,,,,485.1,
1967-03-01,495.8,,,,,,1056.0,,,,34.5691,,,,,,,,489.7,
1967-04-01,501.3,,,,,28.499,1091.0,,,,34.8951,,,85.893,10.359,-9.461,,,492.1,848.983
1967-05-01,502.2,,,,,,1304.0,,,,34.5907,,,,,,,,497.2,
1967-06-01,506.8,,,,,,1248.0,,,,34.5863,,,,,,,,502.0,
1967-07-01,506.7,,,,,38.402,1364.0,,,,34.5076,,,87.418,10.07,-9.585,,,506.3,865.233
1967-08-01,509.8,,,,,,1407.0,,,,35.1687,,,,,,,,510.8,
1967-09-01,515.6,,,,,,1421.0,,,,35.1116,,,,,,,,514.7,
1967-10-01,512.2,,,,,37.36,1491.0,,,,35.3976,,,90.084,10.423,-10.112,,,518.2,881.439
1967-11-01,517.4,,,,,,1538.0,,,,35.9038,,,,,,,,521.2,
1967-12-01,525.1,,,,,,1308.0,,,,36.2905,,,,,,,,524.8,
1968-01-01,530.9,,,,,34.133,1380.0,,,,36.2514,,,93.34,10.814,-10.793,,,527.4,909.387
1968-02-01,533.6,,,,,,1520.0,,,,36.3813,,,,,,,,530.4,
1968-03-01,544.3,,,,,,1466.0,,,,36.4949,,,,,,,,533.2,
1968-04-01,544.0,,,,,59.786,1554.0,,,,36.5477,,,96.483,11.26,-11.041,,,535.7,934.344
1968-05-01,549.8,,,,,,1408.0,,,,36.9577,,,,,,,,538.9,
1968-06-01,556.3,,,,,,1405.0,,,,37.0934,,,,,,,,542.6,
1968-07-01,563.2,,,,,32.636,1512.0,,,,37.0366,,,98.832,11.784,-11.741,,,545.6,950.825
1968-08-01,567.0,,,,,,1495.0,,,,37.1399,,,,,,,,549.4,
1968-09-01,568.2,,,,,,1556.0,,,,37.2806,,,,,,,,553.6,
1968-10-01,571.6,,,,,27.116,1569.0,,,,37.3546,,,101.598,11.688,-11.717,,,557.6,968.03
1968-11-01,576.7,,,,,,1630.0,,,,37.8378,,,,,,,,562.4,
1968-12-01,576.5,,,,,,1548.0,,,,37.9573,,,,,,,,566.8,
1969-01-01,583.5,,,,,45.46,1769.0,,,,38.1869,,,104.096,10.352,-10.618,,,569.3,993.337
1969-02-01,588.7,,,,,,1705.0,,,,38.4313,,,,,,,,571.9,
1969-03-01,588.9,,,,,,1561.0,,,,38.7326,,,,,,,,574.4,
1969-04-01,593.9,,,,,37.989,1524.0,,,,38.5901,,,107.076,12.819,-12.83,,,575.7,1009.02
1969-05-01,600.3,,,,,,1583.0,,,,38.4443,,,,,,,,576.5,
1969-06-01,600.9,,,,,,1528.0,,,,38.8198,,,,,,,,578.5,
1969-07-01,602.7,,,,,43.899,1368.0,,,,39.0248,,,109.143,12.645,-12.748,,,579.5,1029.956
1969-08-01,609.9,,,,,,1358.0,,,,39.1145,,,,,,,,580.1,
1969-09-01,613.2,,,,,,1507.0,,,,39.1057,,,,,,,,582.1,
1969-10-01,618.5,,,,,23.776,1381.0,,,,39.1171,,,110.848,13.404,-12.937,,,583.4,1038.147
1969-11-01,620.5,,,,,,1229.0,,,,38.7484,,,,,,,,585.4,
1969-12-01,622.8,,,,,,1327.0,,,,38.6444,,,,,,,,587.9,
1970-01-01,628.7,,,,,4.328,1085.0,,,,37.9288,,,114.33,13.493,-13.036,,,589.6,1051.2
1970-02-01,634.0,,,,,,1305.0,,,,37.9038,,,,,,,,586.3,
1970-03-01,632.3,,,,,,1319.0,,,,37.8546,,,,,,,,587.3,
1970-04-01,636.0,,,,,20.148,1264.0,,,,37.7573,,,117.383,14.389,-13.456,,,588.4,1067.375
1970-05-01,642.4,,,,,,1290.0,,,,37.7133,,,,,,,,591.5,
1970-06-01,646.3,,,,,,1385.0,,,,37.5913,,,,,,,,595.2,
1970-07-01,648.5,,,,,20.25,1517.0,,,,37.6836,,,122.224,14.29,-13.764,,,599.1,1086.059
1970-08-01,652.9,,,,,,1399.0,,,,37.6164,,,,,,,,604.9,
1970-09-01,659.1,,,,,,1534.0,,,,37.3571,,,,,,,,611.2,
1970-10-01,658.3,,,,,-16.829,1580.0,,,,36.6098,,,125.168,14.468,-14.132,,,616.4,1088.608
1970-11-01,656.6,,,,,,1647.0,,,,36.3881,,,,,,,,621.1,
1970-12-01,665.6,,,,,,1893.0,,,,37.2237,,,,,,,,626.5,
1971-01-01,676.1,,,,,47.696,1828.0,,,,37.5101,,,128.558,14.968,-14.324,,,632.9,1135.156
1971-02-01,679.4,,,,,,1741.0,,,,37.4386,,,,,,,,641.0,
1971-03-01,682.0,,,,,,1910.0,,,,37.398,,,,,,,,649.9,
1971-04-01,688.8,,,,,40.589,1986.0,,,,37.608,,,131.867,14.965,-15.481,,,658.4,1156.271
1971-05-01,691.1,,,,,,2049.0,,,,37.7989,,,,,,,,666.7,
1971-06-01,699.8,,,,,,2026.0,,,,37.9574,,,,,,,,673.0,
1971-07-01,698.9,,,,,38.579,2083.0,,,,37.8472,,,134.18,15.52,-16.032,,,679.6,1177.675
1971-08-01,704.9,,,,,,2158.0,,,,37.6276,,,,,,,,685.5,
1971-09-01,713.0,,,,,,2041.0,,,,38.2391,,,,,,,,692.5,
1971-10-01,715.8,,,,,-2.228,2128.0,,,,38.5253,,,137.355,14.224,-15.142,,,698.4,1190.297
1971-11-01,720.9,,,,,,2182.0,,,,38.6888,,,,,,,,704.6,
1971-12-01,728.4,,,,,,2295.0,,,,39.1355,,,,,,,,710.3,
1972-01-01,731.5,,,,,13.935,2494.0,,,,40.0728,,,140.811,16.306,-17.674,,,717.7,1230.609
1972-02-01,736.2,,,,,,2390.0,,,,40.4789,,,,,,,,725.7,
1972-03-01,749.2,,,,,,2334.0,,,,40.761,,,,,,,,733.5,
1972-04-01,752.5,,,,,45.638,2249.0,,,,41.1654,,,142.229,15.851,-17.482,,,738.4,1266.369
1972-05-01,758.0,,,,,,2221.0,,,,41.1693,,,,,,,,743.3,
1972-06-01,761.6,,,,,,2254.0,,,,41.2778,,,,,,,,749.7,
1972-07-01,769.9,,,,,48.838,2252.0,,,,41.2389,,,145.552,16.985,-18.117,,,759.5,1290.566
1972-08-01,776.3,,,,,,2382.0,,,,41.805,,,,,,,,768.7,
1972-09-01,781.1,,,,,,2481.0,,,,42.1288,,,,,,,,778.3,
1972-10-01,794.9,,,,,19.615,2485.0,,,,42.6703,,,149.582,18.082,-19.391,,,786.9,1328.904
1972-11-01,800.5,,,,,,2421.0,,,,43.1755,,,,,,,,793.9,
1972-12-01,806.1,,,,,,2366.0,,,,43.6617,,,,,,,,802.3,
1973-01-01,816.5,,,,,32.168,2481.0,,,,43.9783,,,153.217,20.053,-20.898,,,810.3,1377.49
1973-02-01,825.8,,,,,,2289.0,,,,44.6103,,,,,,,,814.1,
1973-03-01,832.8,,,,,,2365.0,,,,44.6294,,,,,,,,815.3,
1973-04-01,835.7,,,,,62.868,2084.0,,,,44.568,,,156.192,21.94,-21.909,,,819.7,1413.887
1973-05-01,841.6,,,,,,2266.0,,,,44.8608,,,,,,,,826.8,
1973-06-01,844.3,,,,,,2067.0,,,,44.9186,,,,,,,,833.3,
1973-07-01,854.1,,,,,29.975,2123.0,,,,45.085,,,159.949,23.416,-22.323,,,836.5,1433.838
1973-08-01,853.3,,,,,,2051.0,,,,45.0221,,,,,,,,838.8,
1973-09-01,869.2,,,,,,1874.0,,,,45.3801,,,,,,,,839.3,
1973-10-01,868.2,,,,,69.558,1677.0,,,,45.7462,,,164.963,25.832,-24.212,,,842.6,1476.289
1973-11-01,876.9,,,,,,1724.0,,,,45.9548,,,,,,,,848.9,
1973-12-01,876.6,,,,,,1526.0,,,,45.8252,,,,,,,,855.5,
1974-01-01,884.5,,,,,33.922,1451.0,,,,45.5207,,,171.899,27.803,-26.937,,,859.7,1491.209
1974-02-01,889.7,,,,,,1752.0,,,,45.3825,,,,,,,,864.2,
1974-03-01,901.4,,,,,,1555.0,,,,45.3798,,,,,,,,870.1,
1974-04-01,910.8,,,,,44.484,1607.0,,,,45.247,,,180.08,30.191,-31.705,,,872.9,1530.056
1974-05-01,922.4,,,,,,1426.0,,,,45.6083,,,,,,,,874.6,
1974-06-01,928.0,,,,,,1513.0,,,,45.5216,,,,,,,,877.8,
1974-07-01,937.9,,,,,14.232,1316.0,,,,45.6136,,,186.306,30.262,-32.728,,,881.4,1560.026
1974-08-01,954.8,,,,,,1142.0,,,,45.1303,,,,,,,,884.1,
1974-09-01,955.1,,,,,,1150.0,,,,45.1377,,,,,,,,887.9,
1974-10-01,959.2,,,,,52.492,1070.0,,,,44.995,,,191.858,32.641,-33.82,,,893.3,1599.679
1974-11-01,956.2,,,,,,1026.0,,,,43.5148,,,,,,,,898.6,
1974-12-01,961.8,,,,,,975.0,,,,41.9503,,,,,,,,902.1,
1975-01-01,975.6,,,,,-21.151,1032.0,,,,41.3689,,,201.504,33.934,-30.56,,,906.3,1616.116
1975-02-01,989.4,,,,,,904.0,,,,40.4252,,,,,,,,914.1,
1975-03-01,990.6,,,,,,993.0,,,,39.9804,,,,,,,,925.0,
1975-04-01,995.0,,,,,-37.094,1005.0,,,,40.0572,,,204.016,32.673,-28.141,,,935.1,1651.853
1975-05-01,1018.9,,,,,,1121.0,,,,39.9402,,,,,,,,947.9,
1975-06-01,1026.8,,,,,,1087.0,,,,40.1927,,,,,,,,963.0,
1975-07-01,1039.8,,,,,-5.93,1226.0,,,,40.6115,,,209.275,31.995,-29.866,,,975.1,1709.82
1975-08-01,1047.0,,,,,,1260.0,,,,41.0114,,,,,,,,983.1,
1975-09-01,1054.8,,,,,,1264.0,,,,41.5422,,,,,,,,991.5,
1975-10-01,1060.9,,,,,0.387,1344.0,,,,41.7224,,,214.799,33.984,-31.615,,,997.8,1761.831
1975-11-01,1075.8,,,,,,1360.0,,,,41.7797,,,,,,,,1006.9,
1975-12-01,1092.1,,,,,,1321.0,,,,42.3462,,,,,,,,1016.2,
1976-01-01,1107.1,,,,,39.195,1367.0,,,,42.9082,,,219.691,34.131,-34.059,,,1026.6,1820.487
1976-02-01,1107.7,,,,,,1538.0,,,,43.3407,,,,,,,,1040.3,
1976-03-01,1114.9,,,,,,1421.0,,,,43.4281,,,,,,,,1050.0,
1976-04-01,1125.4,,,,,58.961,1395.0,,,,43.6518,,,218.482,34.916,-36.162,,,1060.8,1852.332
1976-05-01,1122.7,,,,,,1459.0,,,,43.8315,,,,,,,,1072.1,
1976-06-01,1140.5,,,,,,1495.0,,,,43.8775,,,,,,,,1077.6,
1976-07-01,1149.6,,,,,53.269,1401.0,,,,44.1248,,,218.643,36.367,-38.444,,,1086.3,1886.558
1976-08-01,1158.0,,,,,,1550.0,,,,44.4262,,,,,,,,1098.7,
1976-09-01,1168.8,,,,,,1720.0,,,,44.5711,,,,,,,,1110.8,
1976-10-01,1176.8,,,,,19.461,1629.0,,,,44.56,,,220.595,37.302,-40.135,,,1125.0,1934.273
1976-11-01,1189.0,,,,,,1641.0,,,,45.2454,,,,,,,,1138.2,
1976-12-01,1211.5,,,,,,1804.0,,,,45.731,,,,,,,,1152.0,
1977-01-01,1215.0,,,,,33.147,1527.0,,,,45.4156,,,226.972,37.162,-43.261,,,1165.2,1988.648
1977-02-01,1231.3,,,,,,1943.0,,,,46.1358,,,,,,,,1177.6,
1977-03-01,1238.3,,,,,,2063.0,,,,46.7158,,,,,,,,1188.5,
1977-04-01,1247.3,,,,,49.461,1892.0,,,,47.1719,,,232.431,38.753,-45.003,,,1199.6,2055.909
1977-05-01,1257.1,,,,,,1971.0,,,,47.541,,,,,,,,1209.0,
1977-06-01,1263.6,,,,,,1893.0,,,,47.9063,,,,,,,,1217.8,
1977-07-01,1280.5,,,,,86.816,2058.0,,,,47.9714,,,236.115,38.743,-44.899,,,1226.7,2118.473
1977-08-01,1285.7,,,,,,2020.0,,,,48.0157,,,,,,,,1237.0,
1977-09-01,1294.5,,,,,,1949.0,,,,48.2097,,,,,,,,1246.2,
1977-10-01,1311.4,,,,,45.665,2042.0,,,,48.2839,,,240.45,37.642,-46.387,,,1254.0,2164.27
1977-11-01,1327.0,,,,,,2042.0,,,,48.3755,,,,,,,,1262.4,
1977-12-01,1336.0,,,,,,2142.0,,,,48.4573,,,,,,,,1270.3,
1978-01-01,1329.5,,,,,54.392,1718.0,,,,47.7512,,,243.794,39.174,-50.099,,,1279.7,2202.76
1978-02-01,1355.1,,,,,,1738.0,,,,48.0098,,,,,,,,1285.5,
1978-03-01,1377.5,,,,,,2032.0,,,,48.9358,,,,,,,,1292.2,
1978-04-01,1396.4,,,,,53.511,2197.0,,,,49.9074,,,255.284,44.446,-51.187,,,1300.4,2331.633
1978-05-01,1412.0,,,,,,2075.0,,,,50.1513,,,,,,,,1310.5,
1978-06-01,1425.8,,,,,,2070.0,,,,50.4751,,,,,,,,1318.5,
1978-07-01,1426.8,,,,,54.536,2092.0,,,,50.4371,,,262.155,45.726,-52.67,,,1324.1,2395.053
1978-08-01,1447.0,,,,,,1996.0,,,,50.6393,,,,,,,,1333.5,
1978-09-01,1452.9,,,,,,1970.0,,,,50.7631,,,,,,,,1345.0,
1978-10-01,1466.9,,,,,64.839,1981.0,,,,51.1523,,,268.423,49.081,-54.235,,,1352.3,2476.949
1978-11-01,1480.6,,,,,,2094.0,,,,51.5456,,,,,,,,1359.1,
1978-12-01,1496.5,,,,,,2044.0,,,,51.806,,,,,,,,1366.0,
1979-01-01,1502.4,,,,,49.046,1630.0,,,,51.525,,,270.136,51.139,-56.231,,,1371.6,2526.61
1979-02-01,1517.8,,,,,,1520.0,,,,51.778,,,,,,,,1377.8,
1979-03-01,1531.2,,,,,,1847.0,,,,51.9382,,,,,,,,1387.8,
1979-04-01,1538.4,,,,,55.49,1748.0,,,,51.3251,,,278.929,53.598,-59.738,,,1402.1,2591.247
1979-05-01,1558.8,,,,,,1876.0,,,,51.7782,,,,,,,,1410.2,
1979-06-01,1575.7,,,,,,1913.0,,,,51.7865,,,,,,,,1423.0,
1979-07-01,1586.1,,,,,20.445,1760.0,,,,51.7029,,,289.412,57.04,-63.331,,,1434.8,2667.565
1979-08-01,1615.6,,,,,,1778.0,,,,51.3658,,,,,,,,1446.6,
1979-09-01,1633.9,,,,,,1832.0,,,,51.3623,,,,,,,,1454.1,
1979-10-01,1641.6,,,,,14.701,1681.0,,,,51.7175,,,298.433,62.353,-69.396,,,1460.4,2723.883
1979-11-01,1657.3,,,,,,1524.0,,,,51.6341,,,,,,,,1465.9,
1979-12-01,1666.3,,,,,,1498.0,,,,51.6694,,,,,,,,1473.7,
1980-01-01,1697.3,,,,,16.25,1341.0,,,,51.944,,,307.717,65.234,-76.15,,,1482.7,2789.842
1980-02-01,1701.4,,,,,,1350.0,,,,51.9633,,,,,,,,1494.6,
1980-03-01,1708.2,,,,,,1047.0,,,,51.7454,,,,,,,,1499.8,
1980-04-01,1695.2,,,,,13.872,1051.0,,,,50.7197,,,312.033,67.458,-72.38,,,1502.2,2797.352
1980-05-01,1700.1,,,,,,927.0,,,,49.4766,,,,,,,,1512.3,
1980-06-01,1718.8,,,,,,1196.0,,,,48.8383,,,,,,,,1529.2,
1980-07-01,1747.1,,,,,-59.914,1269.0,,,,48.4907,,,316.083,68.373,-69.302,,,1545.5,2856.483
1980-08-01,1763.8,,,,,,1436.0,,,,48.6456,,,,,,,,1561.5,
1980-09-01,1780.5,,,,,,1471.0,,,,49.4578,,,,,,,,1574.0,
1980-10-01,1817.1,,,,,-16.997,1523.0,,,,50.0861,,,323.079,70.77,-73.411,,,1584.8,2985.557
1980-11-01,1826.8,,,,,,1510.0,,,,50.9209,,,,,,,,1595.8,
1980-12-01,1851.7,,,,,,1482.0,,,,51.257,,,,,,,,1599.8,
1981-01-01,1870.0,,,,,69.238,1547.0,,,,50.9328,,,336.132,74.001,-78.364,,,1606.9,3124.206
1981-02-01,1884.2,,,,,,1246.0,,,,50.7237,,,,,,,,1618.7,
1981-03-01,1902.9,,,,,,1306.0,,,,50.9806,,,,,,,,1636.6,
1981-04-01,1904.4,,,,,17.351,1360.0,,,,50.7661,,,336.763,74.533,-78.628,,,1659.2,3162.532
1981-05-01,1913.8,,,,,,1140.0,,,,51.0552,,,,,,,,1664.2,
1981-06-01,1934.5,,,,,,1045.0,,,,51.3214,,,,,,,,1670.3,
1981-07-01,1942.1,,,,,71.443,1041.0,,,,51.6555,,,340.326,72.866,-75.643,,,1681.9,3260.609
1981-08-01,1966.6,,,,,,940.0,,,,51.5903,,,,,,,,1694.3,
1981-09-01,1965.5,,,,,,911.0,,,,51.3429,,,,,,,,1706.0,
1981-10-01,1963.9,,,,,36.32,873.0,,,,50.9463,,,348.384,73.001,-77.935,,,1721.8,3280.818
1981-11-01,1970.6,,,,,,837.0,,,,50.3546,,,,,,,,1736.1,
1981-12-01,1988.8,,,,,,910.0,,,,49.8086,,,,,,,,1755.5,
1982-01-01,1997.1,,,,,-34.131,843.0,,,,48.7877,,,353.247,71.195,-76.251,,,1770.4,3274.302
1982-02-01,2021.2,,,,,,866.0,,,,49.7839,,,,,,,,1774.5,
1982-03-01,2024.1,,,,,,931.0,,,,49.4477,,,,,,,,1786.5,
1982-04-01,2026.3,,,,,-6.705,917.0,,,,48.9913,,,360.173,71.531,-73.676,,,1803.9,3331.972
1982-05-01,2044.5,,,,,,1025.0,,,,48.6669,,,,,,,,1815.4,
1982-06-01,2048.1,,,,,,902.0,,,,48.5415,,,,,,,,1826.0,
1982-07-01,2072.2,,,,,7.453,1166.0,,,,48.3775,,,365.835,68.092,-76.49,,,1831.5,3366.322
1982-08-01,2080.1,,,,,,1046.0,,,,47.9382,,,,,,,,1845.2,
1982-09-01,2104.6,,,,,,1144.0,,,,47.8139,,,,,,,,1858.4,
1982-10-01,2125.8,,,,,-65.093,1173.0,,,,47.3575,,,373.293,64.418,-72.973,,,1869.7,3402.561
1982-11-01,2149.3,,,,,,1372.0,,,,47.2078,,,,,,,,1883.7,
1982-12-01,2161.6,,,,,,1303.0,,,,46.8713,,,,,,,,1905.9,
1983-01-01,2174.0,,,,,-60.654,1586.0,,,,47.7398,,,377.351,65.437,-72.708,,,1959.4,3473.413
1983-02-01,2177.0,,,,,,1699.0,,,,47.4484,,,,,,,,1996.8,
1983-03-01,2202.8,,,,,,1606.0,,,,47.8426,,,,,,,,2015.2,
1983-04-01,2226.4,,,,,-9.54,1472.0,,,,48.4483,,,380.739,65.433,-78.34,,,2028.6,3578.848
1983-05-01,2245.9,,,,,,1776.0,,,,48.747,,,,,,,,2043.1,
1983-06-01,2276.0,,,,,,1733.0,,,,49.0434,,,,,,,,2053.5,
1983-07-01,2304.4,,,,,-3.299,1785.0,,,,49.7739,,,387.769,66.632,-84.503,,,2064.8,3689.179
1983-08-01,2320.4,,,,,,1910.0,,,,50.364,,,,,,,,2074.0,
1983-09-01,2334.9,,,,,,1710.0,,,,51.0937,,,,,,,,2083.2,
1983-10-01,2357.6,,,,,34.462,1715.0,,,,51.4902,,,390.94,68.608,-88.328,,,2099.2,3794.706
1983-11-01,2366.3,,,,,,1785.0,,,,51.721,,,,,,,,2112.3,
1983-12-01,2393.6,,,,,,1688.0,,,,51.9769,,,,,,,,2123.5,
1984-01-01,2419.4,,,,,109.746,1897.0,,,,53.0088,,,401.617,70.344,-95.871,,,2138.2,3908.054
1984-02-01,2403.5,,,,,,2260.0,,,,53.2486,,,,,,,,2158.2,
1984-03-01,2431.6,,,,,,1663.0,,,,53.5028,,,,,,,,2175.2,
1984-04-01,2457.5,,,,,103.174,1851.0,,,,53.8233,,,410.833,72.671,-100.683,,,2191.7,4009.601
1984-05-01,2474.5,,,,,,1774.0,,,,54.1104,,,,,,,,2204.1,
1984-06-01,2495.6,,,,,,1843.0,,,,54.3075,,,,,,,,2215.1,
1984-07-01,2494.6,,,,,107.716,1732.0,,,,54.4587,,,421.734,73.829,-101.086,,,2223.5,4084.25
1984-08-01,2512.2,,,,,,1586.0,,,,54.5239,,,,,,,,2230.4,
1984-09-01,2533.8,,,,,,1698.0,,,,54.3696,,,,,,,,2244.4,
1984-10-01,2531.3,,,,,67.827,1590.0,,,,54.3474,,,430.24,74.25,-102.526,,,2258.9,4148.551
1984-11-01,2571.4,,,,,,1689.0,,,,54.529,,,,,,,,2281.4,
1984-12-01,2582.6,,,,,,1612.0,,,,54.5556,,,,,,,,2306.4,
1985-01-01,2618.8,,,,,20.964,1711.0,,,,54.527,,,440.814,73.093,-98.026,,,2332.4,4230.168
1985-02-01,2640.8,,,,,,1632.0,,,,54.6871,,,,,,,,2354.1,
1985-03-01,2648.5,,,,,,1800.0,,,,54.7673,,,,,,,,2366.2,
1985-04-01,2659.5,,,,,30.728,1821.0,,,,54.6467,,,453.221,72.368,-102.841,,,2375.4,4294.887
1985-05-01,2696.4,,,,,,1680.0,,,,54.7396,,,,,,,,2389.5,
1985-06-01,2689.4,,,,,,1676.0,,,,54.711,,,,,,,,2412.6,
1985-07-01,2715.7,,,,,25.833,1684.0,,,,54.4365,,,464.252,70.797,-102.06,,,2429.5,4386.773
1985-08-01,2752.1,,,,,,1743.0,,,,54.6121,,,,,,,,2444.0,
1985-09-01,2794.7,,,,,,1676.0,,,,54.8147,,,,,,,,2456.4,
1985-10-01,2755.8,,,,,47.518,1834.0,,,,54.6228,,,472.143,72.815,-108.027,,,2468.0,4444.094
1985-11-01,2771.1,,,,,,1698.0,,,,54.8123,,,,,,,,2477.8,
1985-12-01,2811.3,,,,,,1942.0,,,,55.3553,,,,,,,,2492.1,
1986-01-01,2827.1,,,,,42.151,1972.0,,,,55.6453,,,482.837,74.588,-109.075,,,2502.1,4507.894
1986-02-01,2820.2,,,,,,1848.0,,,,55.2634,,,,,,,,2512.9,
1986-03-01,2823.6,,,,,,1876.0,,,,54.8728,,,,,,,,2533.1,
1986-04-01,2835.2,,,,,20.508,1933.0,,,,54.935,,,489.718,77.74,-110.809,,,2557.8,4545.34
1986-05-01,2857.5,,,,,,1854.0,,,,55.0399,,,,,,,,2584.8,
1986-06-01,2861.7,,,,,,1847.0,,,,54.826,,,,,,,,2605.0,
1986-07-01,2881.2,,,,,-11.777,1782.0,,,,55.167,,,498.54,77.614,-113.249,,,2626.6,4607.669
1986-08-01,2898.6,,,,,,1807.0,,,,55.0726,,,,,,,,2646.5,
1986-09-01,2971.8,,,,,,1687.0,,,,55.2237,,,,,,,,2667.8,
1986-10-01,2932.9,,,,,-9.977,1681.0,,,,55.4589,,,506.577,80.096,-115.439,,,2687.4,4657.627
1986-11-01,2928.4,,,,,,1623.0,,,,55.6763,,,,,,,,2701.3,
1986-12-01,2997.1,,,,,,1833.0,,,,56.2078,,,,,,,,2728.0,
1987-01-01,2935.5,,,,,45.442,1774.0,,,,55.9911,,,516.544,80.298,-117.296,,,2743.9,4722.156
1987-02-01,3001.7,,,,,,1784.0,,,,56.7373,,,,,,,,2747.5,
1987-03-01,3013.3,,,,,,1726.0,,,,56.8136,,,,,,,,2753.7,
1987-04-01,3038.8,,,,,25.481,1614.0,,,,57.185,,,524.024,84.942,-123.185,,,2767.7,4806.16
1987-05-01,3048.4,,,,,,1628.0,,,,57.5424,,,,,,,,2772.9,
1987-06-01,3072.8,,,,,,1594.0,,,,57.8502,,,,,,,,2774.6,
1987-07-01,3094.7,,,,,-2.196,1575.0,,,,58.2421,,,532.082,89.203,-127.245,,,2779.0,4884.555
1987-08-01,3130.8,,,,,,1605.0,,,,58.6784,,,,,,,,2788.2,
1987-09-01,3126.5,,,,,,1695.0,,,,58.9088,,,,,,,,2799.5,
1987-10-01,3134.5,,,,,95.725,1515.0,,,,59.7008,,,542.329,94.422,-132.828,,,2814.8,5007.994
1987-11-01,3144.2,,,,,,1656.0,,,,59.9956,,,,,,,,2818.9,
1987-12-01,3174.1,,,,,,1400.0,,,,60.3246,,,,,,,,2826.4,
1988-01-01,3213.7,,,,,21.045,1271.0,,,,60.309,,,551.112,102.253,-134.466,,,2847.4,5073.372
1988-02-01,3221.4,,,,,,1473.0,,,,60.6122,,,,,,,,2870.4,
1988-03-01,3260.5,,,,,,1532.0,,,,60.7452,,,,,,,,2890.7,
1988-04-01,3263.0,,,,,29.197,1573.0,,,,61.108,,,563.482,107.109,-135.118,,,2910.7,5190.036
1988-05-01,3293.6,,,,,,1421.0,,,,60.9843,,,,,,,,2926.0,
1988-06-01,3318.5,,,,,,1478.0,,,,61.1615,,,,,,,,2938.4,
1988-07-01,3342.7,,,,,24.293,1467.0,,,,61.171,,,570.792,109.394,-135.489,,,2947.2,5282.835
1988-08-01,3368.0,,,,,,1493.0,,,,61.4771,,,,,,,,2952.0,
1988-09-01,3375.0,,,,,,1492.0,,,,61.2785,,,,,,,,2956.9,
1988-10-01,3413.7,,,,,33.371,1522.0,,,,61.5488,,,584.277,112.394,-140.646,,,2965.3,5399.509
1988-11-01,3430.2,,,,,,1569.0,,,,61.7049,,,,,,,,2980.2,
1988-12-01,3459.7,,,,,,1563.0,,,,61.9851,,,,,,,,2988.2,
1989-01-01,3483.7,,,,,65.96,1621.0,,,,62.1677,,,596.703,116.898,-143.849,,,2991.7,5511.253
1989-02-01,3488.0,,,,,,1425.0,,,,61.8916,,,,,,,,2992.2,
1989-03-01,3498.8,,,,,,1422.0,,,,62.0508,,,,,,,,2999.7,
1989-04-01,3543.0,,,,,50.515,1339.0,,,,62.0289,,,611.481,122.592,-146.253,,,3006.0,5612.463
1989-05-01,3551.8,,,,,,1331.0,,,,61.6871,,,,,,,,3011.6,
1989-06-01,3566.6,,,,,,1397.0,,,,61.6857,,,,,,,,3027.9,
1989-07-01,3585.7,,,,,13.959,1427.0,,,,61.0896,,,623.172,123.059,-143.251,,,3052.4,5695.365
1989-08-01,3620.6,,,,,,1332.0,,,,61.6847,,,,,,,,3074.4,
1989-09-01,3621.9,,,,,,1279.0,,,,61.4794,,,,,,,,3092.5,
1989-10-01,3633.6,,,,,20.258,1410.0,,,,61.4014,,,639.677,124.456,-146.791,,,3114.1,5747.237
1989-11-01,3643.3,,,,,,1351.0,,,,61.6081,,,,,,,,3133.3,
1989-12-01,3684.2,,,,,,1251.0,,,,61.9588,,,,,,,,3152.5,
1990-01-01,3730.7,,,,,18.585,1551.0,,,,61.6352,,,658.769,130.086,-153.12,,,3166.8,5872.701
1990-02-01,3728.2,,,,,,1437.0,,,,62.1951,,,,,,,,3179.2,
1990-03-01,3754.9,,,,,,1289.0,,,,62.4916,,,,,,,,3190.1,
1990-04-01,3770.0,,,,,46.55,1248.0,,,,62.3511,,,666.786,132.261,-150.546,,,3201.6,5960.028
1990-05-01,3775.8,,,,,,1212.0,,,,62.5353,,,,,,,,3200.6,
1990-06-01,3804.5,,,,,,1177.0,,,,62.7479,,,,,,,,3213.7,
1990-07-01,3821.7,,,,,30.476,1171.0,,,,62.6435,,,680.349,134.629,-154.055,,,3224.5,6015.116
1990-08-01,3848.3,,,,,,1115.0,,,,62.8704,,,,,,,,3242.0,
1990-09-01,3870.1,,,,,,1110.0,,,,62.8839,,,,,,,,3254.6,
1990-10-01,3870.6,,,,,-14.323,1014.0,,,,62.4973,,,698.812,138.259,-158.372,,,3259.3,6004.733
1990-11-01,3871.9,,,,,,1145.0,,,,61.7175,,,,,,,,3262.6,
1990-12-01,3861.3,,,,,,969.0,,,,61.2885,,,,,,,,3271.8,
1991-01-01,3841.0,,,,,-22.629,798.0,,,,61.0842,,,702.816,139.149,-152.127,,,3287.7,6035.178
1991-02-01,3866.7,,,,,,965.0,,,,60.6387,,,,,,,,3304.5,
1991-03-01,3913.0,,,,,,921.0,,,,60.2973,,,,,,,,3321.9,
1991-04-01,3907.1,,,,,-26.846,1001.0,,,,60.4524,,,709.933,143.419,-149.763,,,3332.4,6126.862
1991-05-01,3933.2,,,,,,996.0,,,,61.0587,,,,,,,,3343.0,
1991-06-01,3940.5,,,,,,1036.0,,,,61.5514,,,,,,,,3351.9,
1991-07-01,3966.0,,,,,1.133,1063.0,,,,61.7201,,,719.941,146.098,-151.648,,,3356.1,6205.937
1991-08-01,3969.1,,,,,,1049.0,,,,61.7289,,,,,,,,3355.0,
1991-09-01,3984.7,,,,,,1015.0,,,,62.2369,,,,,,,,3354.9,
1991-10-01,3976.0,,,,,39.445,1079.0,,,,62.1718,,,731.368,149.679,-155.942,,,3360.1,6264.54
1991-11-01,4003.6,,,,,,1103.0,,,,62.0894,,,,,,,,3365.5,
1991-12-01,4020.5,,,,,,1079.0,,,,61.806,,,,,,,,3372.2,
1992-01-01,4084.7,,,,,2.985,1176.0,,,1.56,61.4823,,,746.089,152.226,-157.724,35498.0,42450.0,3381.2,6363.102
1992-02-01,4099.5,,,,,,1250.0,,33857.0,1.56,61.9192,,,,,,36854.0,42447.0,3400.0,
1992-03-01,4117.0,,,,,,1297.0,,35258.0,1.53,62.4403,,,,,,35711.0,43066.0,3403.9,
1992-04-01,4131.5,,,,,28.683,1099.0,,35992.0,1.53,62.9199,,,753.904,152.074,-161.927,35439.0,43723.0,3399.7,6470.763
1992-05-01,4158.4,,,,,,1214.0,,36811.0,1.52,63.1268,,,,,,35403.0,44123.0,3398.6,
1992-06-01,4177.1,,,,,,1145.0,,36666.0,1.52,63.1624,,,,,,37099.0,44637.0,3393.4,
1992-07-01,4204.8,,,,,26.307,1139.0,,36629.0,1.51,63.7348,,,759.796,155.456,-166.223,37753.0,45185.0,3393.9,6566.641
1992-08-01,4220.9,,,,,,1226.0,,36131.0,1.53,63.3802,,,,,,36051.0,45368.0,3398.8,
1992-09-01,4255.3,,,,,,1186.0,,37629.0,1.51,63.5834,,,,,,37043.0,45495.0,3410.3,
1992-10-01,4284.7,,,,,30.178,1244.0,,36668.0,1.51,64.0178,,,764.399,157.124,-170.216,37997.0,46352.0,3423.8,6680.803
1992-11-01,4300.5,,,,,,1214.0,,37573.0,1.51,64.2628,,,,,,37519.0,46233.0,3426.5,
1992-12-01,4336.4,,,,,,1227.0,,38374.0,1.51,64.3599,,,,,,37264.0,47449.0,3424.7,
1993-01-01,4340.7,,194150.0,,,52.093,1210.0,344175.0,37041.0,1.5,64.6135,,,771.529,158.083,-172.327,37411.0,46412.0,3419.1,6729.459
1993-02-01,4355.3,,194689.0,,,,1210.0,343724.0,36962.0,1.5,64.9262,,,,,,37002.0,46169.0,3414.5,
1993-03-01,4352.5,,190185.0,,,,1083.0,338627.0,36895.0,1.52,64.8627,,,,,,37686.0,49751.0,3411.7,
1993-04-01,4393.4,,198296.0,,,35.149,1258.0,342517.0,37729.0,1.51,65.0423,,,782.33,159.714,-177.461,37589.0,49263.0,3411.3,6808.939
1993-05-01,4422.4,,198835.0,,,,1260.0,347364.0,37869.0,1.49,64.8006,,,,,,38821.0,48503.0,3436.9,
1993-06-01,4440.0,,203175.0,,,,1280.0,351035.0,38381.0,1.5,64.9476,,,,,,36847.0,49034.0,3442.4,
1993-07-01,4468.9,,208760.0,,,2.328,1254.0,354273.0,38915.0,1.5,65.1142,,,788.67,159.689,-178.685,37215.0,48896.0,3442.0,6882.098
1993-08-01,4481.1,,212238.0,,,,1300.0,361455.0,39309.0,1.5,65.0421,,,,,,37561.0,48581.0,3445.7,
1993-09-01,4511.5,,214446.0,,,,1343.0,365314.0,39307.0,1.49,65.3749,,,,,,38206.0,50286.0,3452.2,
1993-10-01,4532.8,,214778.0,,,19.545,1392.0,366218.0,40550.0,1.48,65.863,,,796.484,165.371,-184.702,39511.0,51285.0,3456.7,7013.738
1993-11-01,4554.1,,227235.0,,,,1376.0,383509.0,40301.0,1.49,66.1696,,,,,,39254.0,50701.0,3470.1,
1993-12-01,4571.1,,235648.0,,,,1533.0,395253.0,43296.0,1.49,66.5531,,,,,,39841.0,50514.0,3474.5,
1994-01-01,4585.1,,238612.0,,,61.934,1272.0,386847.0,39801.0,1.48,66.7591,,,806.303,167.195,-189.112,39721.0,50763.0,3474.9,7115.652
1994-02-01,4632.6,,236577.0,,,,1337.0,388623.0,41736.0,1.47,66.8019,,,,,,37850.0,51888.0,3475.7,
1994-03-01,4646.0,,235150.0,,,,1564.0,395098.0,41245.0,1.46,67.4704,,,,,,41262.0,53651.0,3480.1,
1994-04-01,4671.1,,244746.0,,,111.808,1465.0,404397.0,42992.0,1.46,67.8707,,,820.018,172.229,-196.223,39987.0,53395.0,3481.3,7246.931
1994-05-01,4669.5,,244056.0,,,,1526.0,406337.0,42849.0,1.47,68.187,,,,,,40747.0,54048.0,3490.8,
1994-06-01,4708.9,,244032.0,,,,1409.0,404473.0,44555.0,1.47,68.645,,,,,,41517.0,55758.0,3479.5,
1994-07-01,4720.6,,245463.0,,,69.811,1439.0,403695.0,44016.0,1.47,68.7317,,,836.915,179.614,-204.966,41475.0,56107.0,3488.2,7331.075
1994-08-01,4762.6,,243134.0,,,,1450.0,404755.0,44406.0,1.45,69.1882,,,,,,43522.0,57482.0,3485.7,
1994-09-01,4775.0,,242619.0,,,,1474.0,406085.0,44507.0,1.46,69.3935,,,,,,43950.0,57752.0,3486.1,
1994-10-01,4812.9,,234905.0,,,98.103,1450.0,397963.0,45959.0,1.45,69.9576,,,847.127,184.219,-211.448,43087.0,57875.0,3484.3,7455.288
1994-11-01,4825.6,,239857.0,,,,1511.0,408104.0,45942.0,1.45,70.4288,,,,,,44280.0,59923.0,3487.2,
1994-12-01,4841.6,,241395.0,,,,1455.0,406665.0,46186.0,1.44,71.1273,,,,,,45461.0,60047.0,3486.4,
1995-01-01,4851.2,,241184.0,,,82.042,1407.0,410972.0,47317.0,1.45,71.2635,,,858.53,190.543,-218.392,45458.0,61020.0,3492.4,7522.289
1995-02-01,4850.8,,234257.0,,,,1316.0,407720.0,46200.0,1.46,71.1758,,,,,,46031.0,60518.0,3489.9,
1995-03-01,4885.4,,228013.0,,,,1249.0,406957.0,46095.0,1.48,71.2796,,,,,,46882.0,62429.0,3491.1,
1995-04-01,4890.2,,225488.0,,,46.814,1267.0,405745.0,46776.0,1.48,71.1538,,,871.882,195.683,-225.007,47165.0,63065.0,3499.2,7580.997
1995-05-01,4933.1,,222062.0,,,,1314.0,402756.0,48401.0,1.49,71.4997,,,,,,47742.0,63162.0,3524.2,
1995-06-01,4977.5,,218972.0,,,,1281.0,403182.0,47970.0,1.48,71.7327,,,,,,47614.0,63682.0,3548.9,
1995-07-01,4970.2,,224113.0,,,10.647,1461.0,409867.0,45962.0,1.49,71.4334,,,876.322,202.972,-223.289,47985.0,62432.0,3567.4,7683.125
1995-08-01,5005.3,,226045.0,,,,1416.0,406993.0,47502.0,1.48,72.3723,,,,,,48770.0,62285.0,3589.0,
1995-09-01,5020.5,,228688.0,,,,1369.0,411442.0,49431.0,1.47,72.6543,,,,,,49781.0,62968.0,3602.1,
1995-10-01,5013.9,,227589.0,,,17.123,1369.0,411476.0,50283.0,1.49,72.5336,,,884.26,205.186,-224.085,49272.0,62133.0,3613.4,7772.586
1995-11-01,5055.6,,231913.0,,,,1452.0,413628.0,49798.0,1.48,72.717,,,,,,48852.0,62449.0,3619.9,
1995-12-01,5097.5,,235572.0,,,,1431.0,417717.0,51221.0,1.45,72.9638,,,,,,49653.0,63230.0,3629.5,
1996-01-01,5085.7,,240958.0,,,2.307,1467.0,428026.0,47931.0,1.5,72.5712,,,891.466,207.994,-231.535,49554.0,64561.0,3647.9,7868.468
1996-02-01,5132.8,,243695.0,,,,1491.0,429337.0,49183.0,1.5,73.6207,,,,,,50973.0,64736.0,3661.8,
1996-03-01,5173.3,,249952.0,,,,1424.0,434372.0,49780.0,1.46,73.5141,,,,,,50026.0,65148.0,3686.9,
1996-04-01,5208.0,,252836.0,,,33.592,1516.0,442341.0,48102.0,1.46,74.2491,,,905.521,212.211,-237.676,50797.0,66394.0,3697.7,8032.84
1996-05-01,5223.8,,259296.0,,,,1504.0,447219.0,50505.0,1.45,74.8142,,,,,,50914.0,67582.0,3709.6,
1996-06-01,5229.8,,263085.0,,,,1467.0,458019.0,51556.0,1.44,75.3726,,,,,,51150.0,66094.0,3722.5,
1996-07-01,5251.9,,263549.0,,,74.191,1472.0,452584.0,51047.0,1.45,75.3738,,,918.978,210.52,-241.203,50030.0,66427.0,3737.1,8131.408
1996-08-01,5275.0,,263618.0,,,,1557.0,459865.0,50780.0,1.45,75.7557,,,,,,50877.0,67973.0,3744.0,
1996-09-01,5296.6,,265677.0,,,,1475.0,465833.0,49824.0,1.44,76.2302,,,,,,50949.0,67967.0,3753.4,
1996-10-01,5328.5,,261444.0,,,43.244,1392.0,470927.0,52556.0,1.44,76.2157,,,938.789,220.873,-245.254,52306.0,67376.0,3772.8,8259.771
1996-11-01,5351.2,,259668.0,,,,1489.0,469598.0,52664.0,1.43,76.8973,,,,,,52698.0,68512.0,3795.1,
1996-12-01,5378.6,,253234.0,,,,1370.0,461233.0,50765.0,1.43,77.3772,,,,,,51840.0,70342.0,3818.6,
1997-01-01,5411.1,,255365.0,,,35.64,1355.0,463895.0,51958.0,1.43,77.5135,,,945.281,225.185,-254.614,52260.0,70715.0,3834.6,8362.655
1997-02-01,5434.0,,258595.0,,,,1486.0,465148.0,54285.0,1.41,78.4255,,,,,,54470.0,71506.0,3846.3,
1997-03-01,5454.2,,264566.0,,,,1457.0,467193.0,54195.0,1.4,78.9197,,,,,,55940.0,71988.0,3861.2,
1997-04-01,5459.3,,257490.0,,,140.404,1492.0,463526.0,55044.0,1.41,78.9848,,,955.361,234.541,-258.175,56621.0,72399.0,3877.0,8518.825
1997-05-01,5460.2,,264581.0,,,,1442.0,471680.0,53924.0,1.42,79.4296,,,,,,56386.0,72634.0,3889.2,
1997-06-01,5494.2,,262299.0,,,,1494.0,471896.0,55972.0,1.42,79.7971,,,,,,57242.0,72263.0,3906.0,
1997-07-01,5548.8,,261593.0,,,93.072,1437.0,480433.0,58969.0,1.41,80.4666,,,969.177,238.01,-263.052,58545.0,73263.0,3923.9,8662.823
1997-08-01,5587.0,,263951.0,,,,1390.0,483946.0,58232.0,1.41,81.2825,,,,,,56895.0,73400.0,3957.4,
1997-09-01,5601.7,,270511.0,,,,1546.0,493470.0,60143.0,1.41,82.0327,,,,,,57714.0,74311.0,3973.1,
1997-10-01,5637.7,,272980.0,,,99.287,1520.0,496090.0,57582.0,1.42,82.7656,,,985.558,236.721,-266.886,57655.0,74475.0,3992.3,8765.907
1997-11-01,5661.1,,272786.0,,,,1510.0,490912.0,57967.0,1.41,83.427,,,,,,56982.0,73836.0,4014.8,
1997-12-01,5692.1,,269192.0,,,,1566.0,487580.0,58401.0,1.42,83.784,,,,,,57654.0,76004.0,4032.9,
1998-01-01,5689.9,,276485.0,,,151.744,1525.0,496187.0,56811.0,1.43,84.1564,,,995.865,235.75,-270.971,57500.0,75516.0,4056.2,8866.48
1998-02-01,5723.8,,279249.0,,,,1584.0,500693.0,59362.0,1.42,84.3066,,,,,,56627.0,74929.0,4088.9,
1998-03-01,5750.3,,291505.0,,,,1567.0,519814.0,57672.0,1.43,84.342,,,,,,56934.0,77222.0,4114.3,
1998-04-01,5788.1,,288409.0,,,55.301,1540.0,523887.0,55909.0,1.43,84.6339,,,1016.626,231.733,-273.124,55229.0,76717.0,4140.2,8969.699
1998-05-01,5837.9,,292879.0,,,,1536.0,527735.0,58575.0,1.43,85.1867,,,,,,55073.0,76566.0,4164.4,
1998-06-01,5871.7,,296632.0,,,,1641.0,545021.0,59020.0,1.44,84.6809,,,,,,55257.0,75214.0,4184.1,
1998-07-01,5890.0,,296717.0,,,69.982,1698.0,536373.0,56670.0,1.45,84.3445,,,1038.633,228.84,-273.638,54618.0,74934.0,4203.8,9121.097
1998-08-01,5925.0,,299495.0,,,,1614.0,542472.0,57658.0,1.44,86.0816,,,,,,53945.0,76334.0,4228.7,
1998-09-01,5965.6,,305345.0,,,,1582.0,547827.0,60257.0,1.44,86.0023,,,,,,55490.0,76586.0,4267.7,
1998-10-01,5998.8,,308127.0,,,81.947,1715.0,549735.0,56319.0,1.43,86.591,,,1053.249,236.849,-281.584,56962.0,78376.0,4307.9,9293.991
1998-11-01,6015.4,,307899.0,,,,1660.0,550932.0,58162.0,1.43,86.5115,,,,,,56949.0,78701.0,4346.6,
1998-12-01,6070.5,,302650.0,,,,1792.0,546196.0,60818.0,1.42,86.8615,,,,,,55833.0,77542.0,4375.6,
1999-01-01,6073.9,,305968.0,,1458.952,113.307,1748.0,548864.0,57160.0,1.42,87.2205,,,1073.998,233.541,-286.175,56296.0,78666.0,4403.0,9411.682
1999-02-01,6099.2,,307914.0,,,,1670.0,559236.0,58576.0,1.41,87.726,,,,,,55673.0,80822.0,4425.8,
1999-03-01,6133.0,,316822.0,,,,1710.0,570031.0,59657.0,1.42,87.9125,,,,,,56017.0,80454.0,4432.6,
1999-04-01,6199.5,,316111.0,,1497.288,48.463,1553.0,561107.0,58929.0,1.42,88.1082,,,1095.511,236.437,-298.034,56909.0,81456.0,4461.4,9526.21
1999-05-01,6232.1,,320326.0,,,,1611.0,562669.0,59814.0,1.4,88.6483,,,,,,56749.0,83443.0,4486.1,
1999-06-01,6260.3,,322905.0,,,,1559.0,572336.0,59045.0,1.4,88.5903,,,,,,56692.0,86443.0,4508.0,
1999-07-01,6287.6,,320854.0,,1539.287,60.068,1669.0,575881.0,62074.0,1.4,89.1098,,,1119.826,244.897,-314.195,57526.0,87680.0,4535.4,9686.626
1999-08-01,6331.9,,326779.0,,,,1648.0,572783.0,61732.0,1.39,89.5007,,,,,,58955.0,88628.0,4552.7,
1999-09-01,6386.5,,334947.0,,,,1635.0,582514.0,63231.0,1.39,89.1304,,,,,,59944.0,89638.0,4568.8,
1999-10-01,6411.4,,342423.0,,1544.871,114.34,1608.0,589243.0,61451.0,1.39,90.2709,,,1147.396,252.422,-327.512,60298.0,90500.0,4592.7,9900.169
1999-11-01,6448.7,,348035.0,,,,1648.0,603727.0,61849.0,1.39,90.7528,,,,,,60859.0,92682.0,4611.8,
1999-12-01,6541.0,,346989.0,,,,1708.0,604386.0,65451.0,1.39,91.4784,,,,,,62607.0,95180.0,4639.3,
2000-01-01,6542.9,,353065.0,,1599.914,20.031,1636.0,600264.0,63975.0,1.38,91.4092,,,1170.527,258.457,-346.628,62502.0,95862.0,4667.6,10002.179
2000-02-01,6625.3,,351933.0,,,,1737.0,617385.0,58497.0,1.4,91.7245,,,,,,62442.0,98656.0,4680.9,
2000-03-01,6686.5,,353452.0,,,,1604.0,621553.0,63642.0,1.38,92.083,,,,,,63556.0,100882.0,4711.7,
2000-04-01,6679.1,,356188.0,,1650.511,117.982,1626.0,621040.0,64414.0,1.39,92.6659,,,1181.346,266.883,-356.462,64292.0,99963.0,4767.8,10247.72
2000-05-01,6709.7,,349907.0,,,,1575.0,626076.0,63753.0,1.4,92.9347,,,,,,64016.0,99899.0,4755.7,
2000-06-01,6746.9,,348133.0,,,,1559.0,620043.0,68292.0,1.4,93.0018,,,,,,66361.0,103626.0,4773.6,
2000-07-01,6768.5,,337374.0,,1667.915,84.692,1463.0,612019.0,63581.0,1.41,92.8373,,,1198.528,274.391,-369.871,66035.0,103562.0,4791.3,10318.165
2000-08-01,6802.8,,337583.0,,,,1541.0,621951.0,64759.0,1.42,92.591,,,,,,67915.0,103952.0,4819.5,
2000-09-01,6888.6,,339048.0,,,,1507.0,628561.0,66733.0,1.4,92.9827,,,,,,67856.0,107044.0,4855.3,
2000-10-01,6893.8,,344095.0,,1672.321,77.396,1549.0,630731.0,63580.0,1.42,92.64,,,1223.073,272.523,-371.81,67058.0,106580.0,4871.4,10435.744
2000-11-01,6909.8,,347301.0,,,,1551.0,636061.0,62569.0,1.43,92.6604,,,,,,66885.0,105740.0,4882.8,
2000-12-01,6952.2,,344139.0,,,,1532.0,626222.0,62554.0,1.42,92.3457,,,,,,66023.0,105956.0,4927.7,
2001-01-01,6987.4,,348279.0,,1658.83,-41.56,1600.0,626287.0,60808.0,1.43,91.8908,,,1252.976,268.214,-365.112,65979.0,106733.0,4978.4,10470.231
2001-02-01,7001.8,,353629.0,,,,1625.0,624444.0,60697.0,1.42,91.2851,,,,,,66272.0,101577.0,5017.1,
2001-03-01,6996.7,,350029.0,,,,1590.0,630602.0,58146.0,1.44,91.0585,,,,,,64525.0,103066.0,5074.9,
2001-04-01,7004.2,,361991.0,,1621.165,0.135,1649.0,640778.0,54841.0,1.45,90.7384,,,1281.501,258.306,-346.106,63262.0,99367.0,5139.2,10599.0
2001-05-01,7052.8,,360534.0,,,,1605.0,641607.0,56599.0,1.43,90.2607,,,,,,63881.0,96512.0,5137.3,
2001-06-01,7069.7,,365905.0,,,,1636.0,650470.0,55428.0,1.44,89.7811,,,,,,61362.0,96192.0,5180.3,
2001-07-01,7082.3,,366500.0,,1599.967,-43.518,1670.0,645593.0,53436.0,1.43,89.2352,,,1278.961,243.213,-332.607,59412.0,94588.0,5210.2,10598.02
2001-08-01,7121.7,,369000.0,,,,1567.0,643815.0,54169.0,1.42,89.157,,,,,,60011.0,93402.0,5243.9,
2001-09-01,7007.0,,368809.0,,,,1562.0,638853.0,50735.0,1.44,88.6749,,,,,,56531.0,91869.0,5355.3,
2001-10-01,7212.9,,370957.0,,1553.614,-111.609,1540.0,639264.0,49736.0,1.39,88.4051,,,1305.85,232.802,-320.217,57087.0,92171.0,5344.0,10660.465
2001-11-01,7182.3,,375803.0,,,,1602.0,636361.0,51335.0,1.39,87.886,,,,,,56825.0,90822.0,5387.7,
2001-12-01,7166.7,,376279.0,,,,1568.0,640399.0,51290.0,1.39,87.8518,,,,,,56181.0,87402.0,5440.7,
2002-01-01,7184.6,,377631.0,,1522.057,-6.151,1698.0,641333.0,47643.0,1.39,88.4634,,,1325.978,236.375,-328.841,56439.0,90245.0,5461.1,10783.5
2002-02-01,7225.2,,385745.0,,,,1829.0,642371.0,50422.0,1.37,88.4578,,,,,,56133.0,92352.0,5490.4,
2002-03-01,7243.4,,385406.0,,,,1642.0,637762.0,47371.0,1.37,89.1265,,,,,,56224.0,92325.0,5502.2,
2002-04-01,7312.5,,398990.0,,1501.855,32.416,1592.0,649539.0,49964.0,1.35,89.5507,,,1339.723,244.965,-347.453,58365.0,97013.0,5502.3,10887.46
2002-05-01,7288.9,,394223.0,,,,1764.0,635840.0,50680.0,1.35,89.9348,,,,,,58224.0,97436.0,5528.5,
2002-06-01,7322.5,,401920.0,,,,1717.0,636959.0,48847.0,1.35,90.6736,,,,,,59245.0,98922.0,5553.5,
2002-07-01,7387.3,,404632.0,,1492.99,26.563,1655.0,633982.0,49531.0,1.35,90.6436,,,1352.905,248.162,-354.076,59580.0,98271.0,5596.2,10984.04
2002-08-01,7412.6,,398875.0,,,,1633.0,626571.0,51112.0,1.34,90.5505,,,,,,59623.0,100759.0,5638.4,
2002-09-01,7391.5,,394820.0,,,,1804.0,619424.0,48089.0,1.36,90.6373,,,,,,59249.0,100425.0,5662.5,
2002-10-01,7435.2,,397077.0,,1475.082,39.749,1648.0,625547.0,49106.0,1.36,90.3988,,,1366.986,245.105,-363.195,58437.0,97925.0,5707.2,11061.433
2002-11-01,7463.8,,401424.0,,,,1753.0,630314.0,49620.0,1.35,90.8947,,,,,,59307.0,103108.0,5758.2,
2002-12-01,7519.9,,411758.0,,,,1788.0,634179.0,48744.0,1.37,90.3906,,,,,,57211.0,104501.0,5779.5,
2003-01-01,7541.3,,417788.0,,1478.588,41.275,1853.0,644597.0,48896.0,1.35,91.1369,,,1379.285,246.678,-370.137,58689.0,103371.0,5812.3,11174.129
2003-02-01,7548.6,,417500.0,,,,1629.0,643146.0,49128.0,1.36,91.2505,,,,,,59386.0,102840.0,5848.4,
2003-03-01,7611.5,,413303.0,,,,1726.0,642886.0,51757.0,1.35,91.0006,,,,,,59474.0,106559.0,5868.6,
2003-04-01,7634.5,,420510.0,,1514.321,-9.38,1643.0,647572.0,49199.0,1.37,90.4311,,,1372.822,247.5,-369.884,58792.0,104457.0,5905.7,11312.766
2003-05-01,7650.3,,421143.0,,,,1751.0,653690.0,50849.0,1.37,90.4,,,,,,58811.0,103919.0,5965.5,
2003-06-01,7699.6,,430929.0,,,,1867.0,662446.0,49941.0,1.34,90.5196,,,,,,60936.0,104832.0,6002.4,
2003-07-01,7757.0,,448917.0,,1544.672,3.437,1897.0,673624.0,49408.0,1.33,90.9869,,,1387.175,255.161,-378.032,61205.0,106147.0,6049.4,11566.669
2003-08-01,7852.1,,453031.0,,,,1833.0,681626.0,50447.0,1.32,90.7933,,,,,,59730.0,103341.0,6107.3,
2003-09-01,7853.7,,458676.0,,,,1939.0,692384.0,51971.0,1.31,91.3819,,,,,,61406.0,107017.0,6079.9,
2003-10-01,7867.4,,469855.0,,1566.776,45.183,1967.0,702997.0,51088.0,1.31,91.5049,,,1396.039,268.127,-393.302,62858.0,108228.0,6070.2,11772.234
2003-11-01,7922.6,,485245.0,,,,2083.0,711373.0,52318.0,1.31,92.1265,,,,,,64991.0,109015.0,6075.7,
2003-12-01,7950.4,,503356.0,,,,2057.0,735545.0,53325.0,1.31,92.1732,,,,,,64169.0,112364.0,6074.0,
2004-01-01,8007.1,,498640.0,,1549.373,55.562,1911.0,725993.0,50190.0,1.31,92.3268,,,1414.794,279.565,-414.723,63243.0,112110.0,6082.2,11923.447
2004-02-01,8040.4,,500439.0,,,,1846.0,727494.0,51210.0,1.3,92.8995,,,,,,66443.0,115470.0,6121.9,
2004-03-01,8098.8,,506879.0,,,,1998.0,739934.0,54995.0,1.28,92.5368,,,,,,68474.0,120017.0,6158.0,
2004-04-01,8107.2,,512400.0,,1583.822,92.005,2003.0,745840.0,52065.0,1.29,92.8957,,,1436.121,286.74,-437.088,67810.0,119993.0,6199.1,12112.815
2004-05-01,8176.5,,522534.0,,,,1981.0,755493.0,52405.0,1.29,93.5845,,,,,,69480.0,122040.0,6275.9,
2004-06-01,8157.6,,527794.0,,,,1828.0,760308.0,53213.0,1.3,92.8651,,,,,,67025.0,125965.0,6278.1,
2004-07-01,8236.9,,543260.0,,1626.857,80.645,2002.0,782149.0,53699.0,1.31,93.5502,,,1453.862,290.783,-446.88,68510.0,124614.0,6291.3,12305.307
2004-08-01,8271.6,,551447.0,,,,2024.0,792795.0,51950.0,1.31,93.6301,,,,,,68980.0,125914.0,6317.9,
2004-09-01,8341.5,,546306.0,,,,1905.0,793176.0,56227.0,1.3,93.7353,,,,,,70139.0,126035.0,6352.3,
2004-10-01,8397.1,,551137.0,,1661.406,87.941,2072.0,797716.0,53948.0,1.29,94.5695,,,1479.225,300.871,-469.153,70934.0,130495.0,6379.9,12527.214
2004-11-01,8444.5,,550392.0,,,,1782.0,797420.0,55318.0,1.29,94.8015,,,,,,70148.0,133644.0,6406.5,
2004-12-01,8504.4,,566284.0,,,,2042.0,813006.0,56631.0,1.28,95.5415,,,,,,72398.0,132053.0,6424.7,
2005-01-01,8497.7,,575650.0,,1681.939,121.598,2144.0,825808.0,57884.0,1.29,95.8785,,,1494.312,311.054,-476.688,72679.0,133860.0,6431.0,12767.286
2005-02-01,8559.1,,588435.0,,,,2207.0,840233.0,57580.0,1.29,96.5709,,,,,,73198.0,136644.0,6439.1,
2005-03-01,8598.4,,591580.0,,,,1864.0,843537.0,56576.0,1.29,96.4345,,,,,,73719.0,132668.0,6448.4,
2005-04-01,8678.4,,598335.0,,1706.109,30.068,2061.0,852498.0,58138.0,1.28,96.6347,,,1512.967,318.75,-490.389,76407.0,139028.0,6462.0,12922.656
2005-05-01,8671.6,,603707.0,,,,2025.0,859149.0,57105.0,1.29,96.7251,,,,,,75785.0,137471.0,6479.2,
2005-06-01,8753.4,,616958.0,,,,2068.0,868983.0,58903.0,1.27,97.1483,,,,,,75759.0,139360.0,6511.8,
2005-07-01,8853.8,,628750.0,,1737.382,15.581,2054.0,882652.0,57606.0,1.26,96.8397,,,1538.045,320.844,-502.22,75955.0,139298.0,6543.7,13142.642
2005-08-01,8850.1,,633710.0,,,,2095.0,891308.0,60352.0,1.26,97.1584,,,,,,77129.0,141058.0,6576.5,
2005-09-01,8900.4,,647374.0,,,,2151.0,910555.0,58344.0,1.25,95.2764,,,,,,75332.0,145862.0,6610.3,
2005-10-01,8938.5,,658590.0,,1744.349,101.02,2065.0,924035.0,59751.0,1.25,96.4411,,,1564.782,332.45,-528.046,77433.0,150612.0,6644.1,13324.204
2005-11-01,8946.2,,665376.0,,,,2147.0,934747.0,60459.0,1.25,97.5016,,,,,,78840.0,148662.0,6660.8,
2005-12-01,8981.1,,670522.0,,,,1994.0,942916.0,61271.0,1.25,97.9723,,,,,,80780.0,151296.0,6688.0,
2006-01-01,9071.6,,675679.0,,1808.675,94.172,2273.0,953023.0,62469.0,1.25,98.127,,,1583.019,347.913,-540.019,81984.0,154855.0,6730.3,13599.16
2006-02-01,9096.0,,678562.0,,,,2119.0,958845.0,62592.0,1.25,98.1687,,,,,,82943.0,150436.0,6754.9,
2006-03-01,9132.9,,668311.0,,,,1969.0,953676.0,65096.0,1.26,98.3913,,,,,,84745.0,152762.0,6769.5,
2006-04-01,9191.6,,650388.0,,1831.263,95.203,1821.0,938040.0,63272.0,1.27,98.6826,,,1613.401,360.03,-551.199,84593.0,153300.0,6807.0,13753.424
2006-05-01,9231.8,,633815.0,,,,1942.0,926742.0,64145.0,1.27,98.7074,,,,,,85841.0,157124.0,6813.9,
2006-06-01,9259.6,,615053.0,,,,1802.0,914387.0,63601.0,1.27,99.0398,,,,,,87739.0,157467.0,6852.1,
2006-07-01,9343.8,,598487.0,,1853.116,95.318,1737.0,899889.0,63922.0,1.29,98.9751,,,1634.833,364.547,-563.83,85676.0,158363.0,6893.9,13870.188
2006-08-01,9342.2,,584460.0,,,,1650.0,891023.0,64379.0,1.28,99.4047,,,,,,87953.0,162167.0,6925.3,
2006-09-01,9375.4,,573878.0,,,,1720.0,880972.0,66981.0,1.31,99.2246,,,,,,88736.0,160014.0,6952.6,
2006-10-01,9393.6,,561444.0,,1865.16,54.763,1491.0,866011.0,66492.0,1.32,99.1229,,,1659.375,380.357,-559.514,89373.0,155327.0,7002.0,14039.56
2006-11-01,9400.2,,548971.0,,,,1570.0,861135.0,66484.0,1.31,99.0963,,,,,,90348.0,156144.0,7037.5,
2006-12-01,9488.3,,545011.0,,,,1649.0,865173.0,65935.0,1.28,100.1125,,,,,,90975.0,160234.0,7080.4,
2007-01-01,9538.7,892.211,537571.0,1940.435,1897.167,29.668,1409.0,857820.0,64155.0,1.3,99.7546,1185.518,2120.637,1700.946,390.421,-568.353,92195.0,157970.0,7118.5,14215.651
2007-02-01,9566.0,,531641.0,,,,1480.0,863980.0,63735.0,1.29,100.7166,,,,,,90572.0,156951.0,7134.6,
2007-03-01,9611.7,,527865.0,,,,1495.0,868219.0,66936.0,1.28,100.8952,,,,,,94037.0,164681.0,7168.5,
2007-04-01,9643.6,857.055,523666.0,1983.497,1934.428,54.925,1490.0,868844.0,66118.0,1.28,101.5723,1204.95,2130.646,1727.505,402.791,-582.113,93672.0,162341.0,7241.0,14402.082
2007-05-01,9685.8,,514131.0,,,,1415.0,872180.0,64975.0,1.27,101.6269,,,,,,95704.0,163599.0,7254.9,
2007-06-01,9706.8,,505936.0,,,,1448.0,875432.0,64874.0,1.28,101.6547,,,,,,96544.0,165280.0,7288.1,
2007-07-01,9751.1,802.575,495976.0,2014.616,1964.431,36.338,1354.0,866607.0,64902.0,1.29,101.4953,1215.483,2134.852,1749.881,417.945,-592.657,97079.0,166277.0,7319.0,14564.117
2007-08-01,9798.9,,480974.0,,,,1330.0,865645.0,66265.0,1.28,101.6943,,,,,,98850.0,165910.0,7395.1,
2007-09-01,9845.1,,465709.0,,,,1183.0,861241.0,65393.0,1.28,101.9428,,,,,,99722.0,167436.0,7413.3,
2007-10-01,9882.7,735.842,447819.0,2045.689,1997.566,31.249,1264.0,856548.0,64974.0,1.27,101.6446,1235.807,2140.641,1779.794,437.079,-610.487,101170.0,169470.0,7428.4,14715.058
2007-11-01,9955.9,,431878.0,,,,1197.0,834014.0,65466.0,1.26,102.2167,,,,,,102239.0,173980.0,7453.8,
2007-12-01,9972.8,,416486.0,,,,1037.0,818447.0,68096.0,1.28,102.2764,,,,,,103367.0,172452.0,7484.2,
2008-01-01,9996.4,677.302,402138.0,2053.812,1998.101,-6.799,1084.0,817096.0,68408.0,1.27,102.1493,1254.557,2128.755,1798.456,453.219,-638.77,106639.0,178289.0,7517.8,14706.538
2008-02-01,9981.7,,386197.0,,,,1103.0,797325.0,66568.0,1.28,101.7756,,,,,,109141.0,183250.0,7604.2,
2008-03-01,10035.3,,390471.0,,,,1005.0,796908.0,66526.0,1.28,101.4508,,,,,,107934.0,178852.0,7670.3,
2008-04-01,10070.3,646.624,385328.0,2057.975,1986.585,-29.623,1013.0,796740.0,69373.0,1.26,100.7554,1281.368,2130.332,1825.002,477.538,-663.887,112208.0,186523.0,7712.8,14865.701
2008-05-01,10132.3,,381911.0,,,,973.0,796227.0,68443.0,1.26,100.1336,,,,,,112971.0,186839.0,7725.5,
2008-06-01,10187.1,,374495.0,,,,1046.0,782540.0,67754.0,1.25,99.8728,,,,,,117785.0,190071.0,7744.2,
2008-07-01,10185.1,613.819,364873.0,2019.55,1932.967,-14.799,923.0,776343.0,67856.0,1.26,99.4194,1297.975,2140.834,1858.795,480.017,-669.466,120156.0,197785.0,7791.5,14898.999
2008-08-01,10175.7,,352598.0,,,,844.0,756391.0,66142.0,1.29,97.8491,,,,,,117826.0,189366.0,7806.1,
2008-09-01,10116.4,,340396.0,,,,820.0,751020.0,63854.0,1.31,93.5576,,,,,,109228.0,179683.0,7872.7,
2008-10-01,10034.1,554.077,329304.0,1901.929,1820.128,-78.104,777.0,741627.0,59330.0,1.36,94.4985,1314.893,2147.35,1842.046,423.755,-571.132,106639.0,176777.0,7975.3,14608.209
2008-11-01,9885.2,,312540.0,,,,652.0,718137.0,60759.0,1.44,93.2617,,,,,,99102.0,152703.0,8027.3,
2008-12-01,9801.5,,293997.0,,,,560.0,687183.0,55512.0,1.47,90.6266,,,,,,89166.0,141149.0,8205.0,
2009-01-01,9847.2,500.348,283870.0,1758.633,1688.277,-167.736,490.0,665547.0,49530.0,1.48,88.3712,1332.3,2169.143,1836.817,376.44,-471.211,83705.0,130870.0,8289.4,14430.902
2009-02-01,9824.5,,267938.0,,,,582.0,650342.0,50163.0,1.45,87.843,,,,,,86043.0,123402.0,8319.6,
2009-03-01,9773.2,,254645.0,,,,505.0,638312.0,49254.0,1.47,86.4689,,,,,,84462.0,123437.0,8386.7,
2009-04-01,9772.5,469.588,243958.0,1705.141,1633.987,-219.104,478.0,613586.0,47096.0,1.45,85.7903,1363.933,2187.891,1856.964,377.297,-458.741,82580.0,122124.0,8391.4,14381.236
2009-05-01,9791.6,,237188.0,,,,540.0,602945.0,48652.0,1.43,84.9436,,,,,,84534.0,120129.0,8449.5,
2009-06-01,9852.4,,237343.0,,,,585.0,591569.0,50533.0,1.38,84.6746,,,,,,86944.0,123788.0,8459.5,
2009-07-01,9886.3,491.406,244141.0,1695.222,1613.076,-236.813,594.0,588845.0,50984.0,1.36,85.6853,1376.381,2184.555,1863.804,396.333,-494.88,88738.0,131576.0,8463.8,14448.882
2009-08-01,10004.1,,250768.0,,,,586.0,585659.0,49900.0,1.32,86.6393,,,,,,88800.0,130616.0,8463.3,
2009-09-01,9927.8,,254135.0,,,,585.0,576370.0,53034.0,1.31,87.3821,,,,,,92743.0,138039.0,8461.8,
2009-10-01,9976.7,490.39,254942.0,1706.564,1598.428,-57.472,534.0,563525.0,51978.0,1.31,87.5809,1396.928,2169.823,1864.628,424.669,-533.68,95836.0,141186.0,8488.1,14651.249
2009-11-01,9985.7,,255941.0,,,,588.0,555858.0,52771.0,1.29,87.9388,,,,,,96260.0,145332.0,8517.3,
2009-12-01,10052.6,,255801.0,,,,581.0,542280.0,54616.0,1.28,88.2404,,,,,,99687.0,149527.0,8512.5,
2010-01-01,10056.1,474.574,254826.0,1718.732,1615.049,-6.872,614.0,523818.0,52331.0,1.27,89.1897,1412.544,2137.797,1855.46,437.053,-555.007,99243.0,148319.0,8478.0,14764.61
2010-02-01,10093.4,,255121.0,,,,604.0,522690.0,53488.0,1.28,89.5046,,,,,,100546.0,152565.0,8527.6,
2010-03-01,10156.0,,253924.0,,,,636.0,521538.0,56487.0,1.26,90.1356,,,,,,104490.0,156040.0,8523.7,
2010-04-01,10182.3,499.233,254574.0,1775.333,1659.272,35.277,687.0,521759.0,52283.0,1.25,90.4607,1431.015,2129.491,1860.719,451.313,-580.067,103405.0,155845.0,8555.1,14980.193
2010-05-01,10210.8,,252896.0,,,,583.0,517381.0,57262.0,1.26,91.7014,,,,,,106546.0,160141.0,8609.3,
2010-06-01,10231.3,,250518.0,,,,536.0,514886.0,59605.0,1.27,91.9033,,,,,,105364.0,164456.0,8628.4,
2010-07-01,10268.1,454.993,244354.0,1823.655,1692.776,120.261,546.0,497237.0,56474.0,1.27,92.2549,1424.541,2110.61,1853.957,467.26,-596.636,108197.0,161613.0,8639.8,15141.607
2010-08-01,10307.1,,238695.0,,,,599.0,493882.0,58224.0,1.27,92.5936,,,,,,108331.0,166459.0,8688.2,
2010-09-01,10327.1,,237834.0,,,,594.0,491254.0,60134.0,1.28,92.8533,,,,,,108638.0,165935.0,8718.9,
2010-10-01,10386.4,462.52,236512.0,1859.421,1728.089,68.909,543.0,494245.0,57479.0,1.27,92.6033,1422.256,2090.152,1851.438,493.3,-611.874,113684.0,167399.0,8768.7,15309.474
2010-11-01,10433.6,,237468.0,,,,545.0,502623.0,60405.0,1.27,92.6686,,,,,,114639.0,167024.0,8789.3,
2010-12-01,10471.0,,239030.0,,,,539.0,496427.0,61939.0,1.27,93.5916,,,,,,117196.0,173155.0,8822.9,
2011-01-01,10514.3,460.953,240548.0,1857.309,1724.133,29.124,630.0,466258.0,60963.0,1.25,93.3889,1402.162,2067.272,1849.794,510.655,-644.974,118562.0,181172.0,8845.2,15351.448
2011-02-01,10540.6,,240062.0,,,,517.0,469683.0,59078.0,1.26,93.0045,,,,,,117018.0,176720.0,8909.0,
2011-03-01,10619.7,,241586.0,,,,600.0,478764.0,62497.0,1.24,93.9684,,,,,,124039.0,183794.0,8967.0,
2011-04-01,10652.1,466.179,244598.0,1905.711,1760.969,65.52,554.0,484520.0,61562.0,1.25,93.6571,1396.76,2048.802,1855.536,529.034,-667.913,125834.0,183646.0,9030.4,15557.539
2011-05-01,10672.2,,245449.0,,,,561.0,492386.0,63711.0,1.27,93.7723,,,,,,125030.0,188108.0,9102.7,
2011-06-01,10694.8,,247520.0,,,,608.0,510469.0,63751.0,1.27,94.0493,,,,,,122625.0,188224.0,9176.7,
2011-07-01,10731.6,474.579,249770.0,1995.353,1840.809,-14.852,623.0,512517.0,64756.0,1.26,94.4958,1366.393,2030.405,1848.272,541.434,-675.396,126453.0,188519.0,9338.7,15647.68
2011-08-01,10750.3,,251877.0,,,,585.0,524261.0,64464.0,1.26,95.0974,,,,,,126475.0,188399.0,9525.1,
2011-09-01,10783.2,,250152.0,,,,650.0,524124.0,65581.0,1.26,95.0244,,,,,,128738.0,188572.0,9545.3,
2011-10-01,10802.9,486.889,252821.0,2046.64,1883.125,97.693,610.0,523803.0,67427.0,1.26,95.6891,1371.48,2022.796,1839.065,540.311,-681.777,128747.0,189614.0,9578.1,15842.259
2011-11-01,10806.8,,247279.0,,,,711.0,525055.0,64660.0,1.26,95.6778,,,,,,127077.0,189764.0,9629.8,
2011-12-01,10817.8,,247983.0,,,,694.0,531994.0,68881.0,1.26,96.1809,,,,,,128287.0,193353.0,9677.4,
2012-01-01,10896.8,516.345,251869.0,2099.256,1938.142,77.751,723.0,545820.0,67784.0,1.25,96.7595,1371.423,2008.214,1847.934,546.36,-690.814,127345.0,194081.0,9750.5,16068.805
2012-02-01,10987.2,,247503.0,,,,704.0,541614.0,69850.0,1.25,97.0662,,,,,,128801.0,188995.0,9802.2,
2012-03-01,10993.9,,252283.0,,,,695.0,549336.0,69491.0,1.25,96.5609,,,,,,132015.0,198986.0,9846.2,
2012-04-01,11018.5,520.771,258567.0,2146.704,1973.665,89.453,753.0,562968.0,67718.0,1.26,97.251,1360.498,2001.428,1841.846,552.637,-690.673,130538.0,194615.0,9899.8,16207.115
2012-05-01,11006.8,,263797.0,,,,708.0,569380.0,69334.0,1.27,97.4595,,,,,,130724.0,193313.0,9943.0,
2012-06-01,10989.8,,269664.0,,,,757.0,572255.0,67543.0,1.29,97.4768,,,,,,130717.0,191132.0,10013.0,
2012-07-01,11016.8,534.146,273587.0,2139.633,1963.385,85.498,740.0,578121.0,64800.0,1.3,97.6714,1363.348,1993.353,1845.323,553.777,-682.296,130145.0,189868.0,10065.7,16319.541
2012-08-01,11056.0,,279216.0,,,,754.0,582028.0,63535.0,1.29,97.2734,,,,,,128352.0,189461.0,10136.4,
2012-09-01,11105.3,,286120.0,,,,847.0,591627.0,63822.0,1.29,97.2217,,,,,,133580.0,190996.0,10216.6,
2012-10-01,11137.4,561.974,294197.0,2162.912,1981.394,24.013,915.0,600532.0,66104.0,1.29,97.5311,1336.152,1987.819,1862.739,558.221,-684.816,127616.0,188161.0,10282.8,16420.419
2012-11-01,11178.4,,296510.0,,,,833.0,597939.0,66414.0,1.28,97.9084,,,,,,129697.0,194364.0,10351.8,
2012-12-01,11181.2,,299101.0,,,,976.0,603681.0,66560.0,1.29,98.1884,,,,,,133100.0,189778.0,10474.4,
2013-01-01,11252.4,583.345,303792.0,2196.264,2006.738,75.942,888.0,596538.0,69971.0,1.29,98.1736,1305.953,1987.201,1883.375,561.146,-682.095,131197.0,191961.0,10497.6,16648.189
2013-02-01,11290.5,,309078.0,,,,962.0,601501.0,66123.0,1.27,98.6434,,,,,,133289.0,195039.0,10516.6,
2013-03-01,11290.1,,312083.0,,,,1010.0,602332.0,65898.0,1.29,99.047,,,,,,130539.0,186153.0,10572.9,
2013-04-01,11281.1,603.035,316537.0,2207.605,2018.983,79.526,835.0,609725.0,67834.0,1.3,98.9445,1295.886,1993.083,1898.582,564.002,-685.801,131932.0,190339.0,10600.4,16728.687
2013-05-01,11321.6,,321706.0,,,,930.0,619589.0,69461.0,1.28,99.0383,,,,,,130799.0,192993.0,10634.7,
2013-06-01,11344.4,,324770.0,,,,839.0,627431.0,69491.0,1.29,99.2221,,,,,,133359.0,188907.0,10692.3,
2013-07-01,11372.6,613.966,328388.0,2248.212,2029.566,137.289,880.0,644727.0,66264.0,1.29,98.8987,1277.807,1995.116,1915.551,569.209,-690.406,132030.0,189978.0,10731.5,16953.838
2013-08-01,11406.6,,335690.0,,,,917.0,655213.0,65887.0,1.29,99.4897,,,,,,132361.0,190405.0,10789.6,
2013-09-01,11445.9,,339977.0,,,,850.0,665438.0,66459.0,1.3,100.021,,,,,,131743.0,193379.0,10850.0,
2013-10-01,11498.0,604.215,346273.0,2302.178,2076.292,121.413,925.0,680200.0,64963.0,1.3,99.9037,1256.027,1991.643,1923.263,580.059,-692.507,135485.0,193256.0,10974.2,17192.019
2013-11-01,11562.5,,353317.0,,,,1100.0,694031.0,68320.0,1.29,100.1582,,,,,,136235.0,191472.0,10982.9,
2013-12-01,11593.2,,360754.0,,,,1002.0,709465.0,67592.0,1.3,100.374,,,,,,134737.0,190364.0,11047.8,
2014-01-01,11578.8,601.624,368359.0,2339.393,2112.552,58.313,888.0,722261.0,68261.0,1.31,99.9899,1254.936,1978.79,1926.125,572.331,-699.146,133813.0,193634.0,11117.6,17197.738
2014-02-01,11636.9,,363860.0,,,,944.0,723297.0,67124.0,1.31,100.7471,,,,,,132989.0,194747.0,11183.2,
2014-03-01,11722.3,,369329.0,,,,970.0,724943.0,68418.0,1.3,101.7435,,,,,,137312.0,201050.0,11219.1,
2014-04-01,11762.3,621.366,375347.0,2406.416,2160.631,92.815,1043.0,735396.0,66400.0,1.3,101.8273,1247.703,1990.341,1943.38,,,136036.0,202461.0,11264.0,17518.508
2014-05-01,11807.3,,376671.0,,,,1007.0,733512.0,66155.0,1.3,102.2392,,,,,,137841.0,200362.0,11328.5,
2014-06-01,11861.7,,372569.0,,,,911.0,732600.0,69702.0,1.31,102.5774,,,,,,137005.0,198416.0,11383.7,
2014-07-01,11904.4,630.798,372572.0,2458.452,2215.096,106.049,1085.0,732523.0,67519.0,1.3,102.7954,1262.053,1997.887,1961.101,,,137619.0,199403.0,11438.4,17804.228
2014-08-01,11983.7,,372893.0,,,,984.0,733625.0,68326.0,1.31,102.6322,,,,,,139035.0,198438.0,11462.5,
2014-09-01,11991.4,,382053.0,,,,1023.0,745152.0,69490.0,1.31,102.9417,,,,,,136162.0,200050.0,11503.7,
2014-10-01,12064.7,653.415,386299.0,2479.937,2202.437,83.22,1074.0,759835.0,65806.0,1.32,102.9611,1243.057,2014.353,1975.532,,,137767.0,200191.0,11577.5,17912.079
2014-11-01,12083.9,,391521.0,,,,1001.0,764621.0,63797.0,1.34,103.5978,,,,,,135528.0,197007.0,11618.2,
2014-12-01,12096.1,,401584.0,,,,1073.0,772232.0,66039.0,1.35,103.6151,,,,,,134456.0,199720.0,11701.9,
2015-01-01,12066.7,666.289,405105.0,2481.11,2214.696,169.373,1085.0,779888.0,64918.0,1.38,102.7923,1248.048,2029.059,1971.677,,,130199.0,192301.0,11788.8,18063.529
2015-02-01,12116.6,,410055.0,,,,886.0,792218.0,63754.0,1.39,102.1366,,,,,,127893.0,185557.0,11905.6,
2015-03-01,12176.1,,409845.0,,,,960.0,803292.0,65042.0,1.38,101.7869,,,,,,127813.0,199997.0,11903.7,
2015-04-01,12209.1,684.076,415034.0,2498.351,2230.697,145.308,1190.0,822724.0,64140.0,1.38,101.2255,1251.919,2057.326,2011.68,,,129260.0,191982.0,11937.6,18279.784
2015-05-01,12275.4,,422979.0,,,,1079.0,841043.0,62567.0,1.38,100.7675,,,,,,127791.0,189253.0,11965.0,
2015-06-01,12307.9,,433746.0,,,,1205.0,858543.0,63826.0,1.38,100.4588,,,,,,127095.0,192581.0,12005.6,
2015-07-01,12364.9,705.645,439819.0,2513.595,2238.798,120.301,1146.0,854050.0,63498.0,1.38,101.0893,1250.784,2075.918,2031.156,,,126898.0,189639.0,12049.2,18401.626
2015-08-01,12396.2,,439616.0,,,,1130.0,858720.0,63168.0,1.4,100.9165,,,,,,123935.0,190707.0,12093.7,
2015-09-01,12386.4,,448021.0,,,,1224.0,864919.0,63297.0,1.4,100.633,,,,,,125167.0,188714.0,12154.8,
2015-10-01,12394.9,716.639,448256.0,2502.473,2209.941,99.571,1058.0,859721.0,63423.0,1.41,100.1563,1260.182,2080.801,2028.059,,,123524.0,185909.0,12206.1,18435.137
2015-11-01,12423.2,,446990.0,,,,1172.0,857944.0,62071.0,1.41,99.4366,,,,,,121367.0,183412.0,12297.5,
2015-12-01,12452.0,,452947.0,,,,1146.0,858325.0,60201.0,1.43,98.9471,,,,,,120441.0,183198.0,12368.7,
2016-01-01,12478.0,739.045,456468.0,2504.57,2187.499,62.384,1092.0,857535.0,61840.0,1.43,99.4391,1261.134,2110.487,2040.492,,,117470.0,178992.0,12506.0,18525.933
2016-02-01,12554.5,,462448.0,,,,1225.0,871758.0,60985.0,1.43,98.9232,,,,,,119526.0,183825.0,12578.2,
2016-03-01,12537.0,,469622.0,,,,1111.0,888771.0,60742.0,1.43,98.1635,,,,,,118266.0,176684.0,12629.0,
2016-04-01,12611.5,741.346,468416.0,2525.941,2205.321,19.192,1163.0,891344.0,61003.0,1.43,98.4775,1254.81,2114.243,2059.583,,,119929.0,179656.0,12708.0,18711.702
2016-05-01,12652.7,,468910.0,,,,1148.0,899820.0,59411.0,1.43,98.2549,,,,,,119814.0,181784.0,12775.0,
2016-06-01,12731.2,,474571.0,,,,1203.0,916207.0,59363.0,1.41,98.7315,,,,,,120538.0,185843.0,12835.4,
2016-07-01,12756.7,739.347,476926.0,2564.0,2223.993,-3.687,1239.0,922354.0,59725.0,1.42,98.8452,1261.434,2122.261,2073.872,,,121694.0,185349.0,12889.7,18892.639
2016-08-01,12788.1,,481061.0,,,,1171.0,929077.0,61548.0,1.42,98.7427,,,,,,123500.0,186137.0,12973.9,
2016-09-01,12846.6,,482953.0,,,,1068.0,934515.0,59556.0,1.41,98.6552,,,,,,124204.0,184790.0,13034.2,
2016-10-01,12867.0,748.925,496403.0,2584.602,2224.864,55.55,1313.0,943099.0,59386.0,1.41,98.7237,1262.501,2127.153,2088.764,,,123717.0,185115.0,13107.5,19089.379
2016-11-01,12893.0,,504630.0,,,,1140.0,963058.0,59397.0,1.42,98.3443,,,,,,122075.0,188875.0,13181.0,
2016-12-01,13005.9,,512328.0,,,,1252.0,973669.0,59545.0,1.39,99.0406,,,,,,126661.0,190144.0,13226.1,
2017-01-01,13063.7,766.457,511955.0,2610.431,2263.637,7.021,1190.0,968218.0,60620.0,1.39,98.8158,1257.161,2123.095,2104.006,,,128320.0,194722.0,13300.7,19280.084
2017-02-01,13088.4,,531931.0,,,,1271.0,980206.0,60640.0,1.39,98.4356,,,,,,128276.0,191868.0,13367.3,
2017-03-01,13139.9,,527650.0,,,,1190.0,976383.0,61260.0,1.39,99.0492,,,,,,127612.0,192666.0,13428.7,
2017-04-01,13169.2,770.751,533545.0,2639.796,2300.598,26.048,1146.0,979126.0,61185.0,1.39,100.0416,1263.907,2125.901,2110.589,,,126819.0,195224.0,13484.7,19438.643
2017-05-01,13171.9,,536071.0,,,,1157.0,984190.0,61230.0,1.4,100.128,,,,,,126303.0,193486.0,13536.7,
2017-06-01,13225.2,,535853.0,,,,1249.0,981121.0,60153.0,1.4,100.337,,,,,,128407.0,194399.0,13558.5,
2017-07-01,13263.3,771.325,541159.0,2665.246,,55.486,1206.0,979486.0,61167.0,1.4,100.0865,1263.116,2130.886,2134.304,,,127503.0,192986.0,13615.4,19692.595
2017-08-01,13294.6,,541698.0,,,,1159.0,978741.0,61493.0,1.4,99.6323,,,,,,128829.0,193142.0,13674.6,
2017-09-01,13417.3,,544116.0,,,,1181.0,983748.0,63747.0,1.38,99.7482,,,,,,130310.0,195290.0,13723.0,
2017-10-01,13447.5,787.03,538613.0,2728.927,,42.14,1257.0,980997.0,63923.0,1.37,100.9893,1280.033,2144.464,2175.447,,,131635.0,198300.0,13782.3,20037.088
2017-11-01,13540.6,,561960.0,,,,1273.0,1003620.0,63929.0,1.36,101.2493,,,,,,135163.0,204998.0,13814.9,
2017-12-01,13666.1,,565705.0,,,,1177.0,1013068.0,63848.0,1.35,101.4871,,,,,,137825.0,209264.0,13873.8,
2018-01-01,13703.3,772.134,572688.0,2805.277,,34.055,1299.0,1039176.0,64214.0,1.37,101.4852,1293.037,2138.736,2197.683,,,134575.0,208161.0,13883.2,20328.553
2018-02-01,13738.7,,576973.0,,,,1277.0,1054716.0,65778.0,1.37,101.7319,,,,,,137531.0,212102.0,13919.3,
2018-03-01,13793.2,,571804.0,,,,1318.0,1042047.0,64732.0,1.36,102.1943,,,,,,140257.0,210066.0,13976.0,
2018-04-01,13838.4,777.417,572396.0,2837.057,,0.466,1276.0,1043701.0,65742.0,1.36,103.3551,1302.317,2154.046,2235.988,,,140638.0,211698.0,13993.9,20580.912
2018-05-01,13905.0,,576531.0,,,,1357.0,1048301.0,67289.0,1.34,102.381,,,,,,143860.0,210426.0,14049.6,
2018-06-01,13930.4,,568238.0,,,,1192.0,1029602.0,68216.0,1.35,103.2256,,,,,,141848.0,211157.0,14109.9,
2018-07-01,13974.8,770.056,558669.0,2854.55,,92.854,1208.0,1019909.0,68880.0,1.35,103.3561,1319.077,2164.692,2267.176,,,139405.0,214042.0,14144.2,20798.73
2018-08-01,14014.0,,548846.0,,,,1288.0,1016085.0,68087.0,1.35,104.0585,,,,,,138889.0,214016.0,14193.9,
2018-09-01,14017.8,,550910.0,,,,1250.0,1014390.0,68025.0,1.36,104.1038,,,,,,141314.0,216970.0,14229.3,
2018-10-01,14083.1,754.59,540756.0,2880.391,,89.813,1221.0,1003970.0,68616.0,1.36,103.9297,1325.345,2163.215,2275.495,,,142181.0,218705.0,14241.4,20917.867
2018-11-01,14162.9,,539097.0,,,,1181.0,993150.0,66704.0,1.37,104.0126,,,,,,139523.0,212631.0,14260.8,
2018-12-01,14051.6,,518839.0,,,,1095.0,982219.0,66641.0,1.4,104.0451,,,,,,136892.0,215687.0,14382.6,
2019-01-01,14084.6,746.082,518135.0,2899.84,,114.259,1226.0,976186.0,68021.0,1.41,103.3598,1339.795,2197.011,2299.75,,,138580.0,210577.0,14446.1,21111.6
2019-02-01,14117.4,,516496.0,,,,1121.0,981530.0,68101.0,1.41,102.8251,,,,,,139872.0,210981.0,14481.2,
2019-03-01,14248.6,,517020.0,,,,1191.0,991807.0,68651.0,1.4,102.8361,,,,,,140456.0,212445.0,14526.2,
2019-04-01,14290.0,758.737,521369.0,2954.978,,82.473,1272.0,1000496.0,67929.0,1.41,102.2748,1353.418,2231.325,2353.207,,,136155.0,210588.0,14554.5,21397.938
2019-05-01,14353.3,,529056.0,,,,1293.0,1019020.0,67781.0,1.41,102.4176,,,,,,139405.0,215971.0,14652.4,
2019-06-01,14408.7,,540562.0,,,,1243.0,1038940.0,67234.0,1.42,102.5425,,,,,,136770.0,211063.0,14771.4,
2019-07-01,14496.0,769.618,552411.0,2983.489,,67.51,1240.0,1061148.0,66831.0,1.42,102.0057,1370.255,2255.377,2387.952,,,137794.0,211175.0,14853.5,21717.171
2019-08-01,14558.2,,559292.0,,,,1375.0,1078298.0,67236.0,1.42,102.7814,,,,,,137488.0,211311.0,14934.7,
2019-09-01,14590.6,,564105.0,,,,1311.0,1085537.0,66378.0,1.43,102.4601,,,,,,136669.0,206127.0,15031.4,
2019-10-01,14617.4,772.063,570554.0,2970.305,,25.3,1325.0,1095563.0,66137.0,1.44,101.5878,1377.757,2277.036,2425.073,,,136659.0,203846.0,15167.3,21933.217
2019-11-01,14711.0,,580510.0,,,,1353.0,1112994.0,65331.0,1.43,102.1494,,,,,,137266.0,201758.0,15276.9,
2019-12-01,14774.8,,586077.0,,,,1548.0,1113576.0,64197.0,1.43,101.9421,,,,,,137986.0,206516.0,15348.0,
2020-01-01,14844.3,797.964,597508.0,2913.863,,-43.045,1581.0,1120493.0,63508.0,1.43,101.3372,1392.158,2302.241,2483.733,,,136175.0,203448.0,15416.8,21727.657
2020-02-01,14833.8,,606669.0,,,,1549.0,1124725.0,62719.0,1.43,101.6718,,,,,,137583.0,200104.0,15467.0,
2020-03-01,13810.5,,615115.0,,,,1266.0,1128852.0,62287.0,1.51,97.606,,,,,,126704.0,192213.0,15993.8,
2020-04-01,12234.4,740.976,594470.0,2679.633,,-262.503,936.0,1089037.0,56510.0,1.74,84.6812,1494.659,2281.491,2458.248,,,94513.0,169414.0,17005.8,19935.444
2020-05-01,13251.7,,584623.0,,,,1039.0,1075689.0,57570.0,1.56,86.0108,,,,,,90117.0,166819.0,17853.4,
2020-06-01,14040.8,,589731.0,,,,1266.0,1086286.0,59891.0,1.42,91.6745,,,,,,103668.0,175398.0,18141.1,
2020-07-01,14303.8,841.267,610517.0,2796.82,,107.461,1526.0,1105401.0,61194.0,1.37,95.0037,1447.415,2269.82,2475.067,,,115415.0,195985.0,18298.0,21684.551
2020-08-01,14454.9,,641273.0,,,,1396.0,1125508.0,62016.0,1.36,95.9294,,,,,,118859.0,202043.0,18364.3,
2020-09-01,14675.4,,663788.0,,,,1473.0,1147062.0,63564.0,1.36,95.8914,,,,,,123549.0,201913.0,18596.6,
2020-10-01,14726.0,900.065,686488.0,2871.648,,79.512,1543.0,1173765.0,64014.0,1.36,96.5256,1447.946,2255.342,2489.436,,,125549.0,207830.0,18751.3,22068.767
2020-11-01,14704.9,,704002.0,,,,1543.0,1185813.0,64376.0,1.36,96.9529,,,,,,128213.0,214373.0,18979.1,
2020-12-01,14827.3,,725926.0,,,,1614.0,1206758.0,65513.0,1.34,98.2039,,,,,,133504.0,217188.0,19133.2,
2021-01-01,15081.5,919.079,746434.0,2937.872,,-21.978,1630.0,1231320.0,67186.0,1.31,98.8135,1506.69,2246.119,2534.194,,,135365.0,220640.0,19359.7,22656.793
2021-02-01,14984.4,,736138.0,,,,1404.0,1216517.0,67538.0,1.34,95.5072,,,,,,132130.0,219882.0,19596.7,
2021-03-01,15712.4,,754651.0,,,,1696.0,1248132.0,68846.0,1.28,98.1929,,,,,,144297.0,231739.0,19823.4,
2021-04-01,15915.0,910.529,766648.0,3001.432,,-141.035,1495.0,1255772.0,70459.0,1.26,98.3317,1475.745,2236.118,2572.609,,,143988.0,230394.0,20160.7,23368.861
2021-05-01,15950.5,,780494.0,,,,1589.0,1267689.0,68635.0,1.27,99.1867,,,,,,145057.0,232471.0,20427.1,
2021-06-01,16183.6,,790846.0,,,,1650.0,1284337.0,70341.0,1.26,99.6483,,,,,,146051.0,238279.0,20474.7,
2021-07-01,16223.5,902.57,807516.0,2988.173,,9.463,1597.0,1304964.0,70638.0,1.27,100.0668,1447.159,2249.049,2629.011,,,147843.0,235262.0,20628.8,23921.991
2021-08-01,16390.6,,811825.0,,,,1594.0,1307517.0,71394.0,1.28,100.0412,,,,,,148824.0,238898.0,20811.3,
2021-09-01,16477.5,,822255.0,,,,1577.0,1320827.0,71387.0,1.29,98.9955,,,,,,144609.0,238217.0,20978.9,
2021-10-01,16694.0,905.274,833429.0,3013.341,,200.093,1579.0,1337787.0,72200.0,1.28,100.3542,1458.4,2236.044,2665.381,,,158249.0,243407.0,21142.9,24777.038
2021-11-01,16849.0,,857379.0,,,,1705.0,1373560.0,72662.0,1.28,101.2684,,,,,,157938.0,257962.0,21317.4,
2021-12-01,16905.5,,885881.0,,,,1722.0,1404387.0,73257.0,1.31,101.1948,,,,,,161501.0,261891.0,21471.6,
2022-01-01,17017.8,894.929,913576.0,3110.734,,195.818,1702.0,1446116.0,75242.0,1.3,101.2146,1426.258,2235.334,2726.124,,,158136.0,263200.0,21586.8,25215.491
2022-02-01,17136.1,,934357.0,,,,1735.0,1477119.0,75311.0,1.31,101.8458,,,,,,161463.0,265993.0,21685.0,
2022-03-01,17371.4,,954119.0,,,,1712.0,1503935.0,76146.0,1.31,102.6732,,,,,,171473.0,291454.0,21721.5,
2022-04-01,17493.8,867.817,964828.0,3165.864,,86.718,1820.0,1534555.0,75944.0,1.32,102.9024,1414.437,2232.864,2815.536,,,177771.0,281617.0,21749.9,25805.791
2022-05-01,17569.9,,978434.0,,,,1531.0,1555209.0,76640.0,1.34,102.9659,,,,,,179951.0,282128.0,21690.1,
2022-06-01,17747.6,,954499.0,,,,1551.0,1539717.0,77118.0,1.34,102.8224,,,,,,182582.0,281980.0,21642.6,
2022-07-01,17744.0,807.061,931867.0,3225.096,,58.761,1381.0,1537131.0,77167.0,1.37,103.0505,1412.852,2247.984,2838.67,,,183650.0,272305.0,21641.9,26272.011
2022-08-01,17897.5,,916358.0,,,,1531.0,1526431.0,78114.0,1.38,103.1703,,,,,,183131.0,270762.0,21607.0,
2022-09-01,17987.2,,899433.0,,,,1488.0,1527054.0,76945.0,1.39,103.5326,,,,,,179796.0,268566.0,21521.3,
2022-10-01,18096.2,756.526,888509.0,3269.99,,135.147,1435.0,1522139.0,77151.0,1.39,103.4442,1443.589,2266.853,2870.589,,,175966.0,272797.0,21424.5,26734.277
2022-11-01,18094.0,,872331.0,,,,1424.0,1521931.0,76483.0,1.41,103.1058,,,,,,172425.0,257185.0,21357.6,
2022-12-01,18134.6,,860647.0,,,,1308.0,1524362.0,76113.0,1.43,101.8266,,,,,,169230.0,262155.0,21219.2,
2023-01-01,18475.2,748.168,853199.0,3312.833,,20.589,1361.0,1545897.0,75395.0,1.4,102.7476,1460.026,2296.559,2892.965,,,175518.0,266589.0,21205.4,27164.359
2023-02-01,18532.1,,849349.0,,,,1399.0,1555555.0,74193.0,1.41,102.8003,,,,,,169282.0,261453.0,21185.4,
2023-03-01,18511.3,,843212.0,,,,1377.0,1563750.0,73852.0,1.43,102.8143,,,,,,174112.0,256049.0,20876.9,
2023-04-01,18638.7,756.417,843367.0,3391.569,,-0.215,1354.0,1583827.0,74424.0,1.42,103.2241,1455.991,2327.07,2904.12,,,167547.0,261497.0,20730.0,27453.815
2023-05-01,18676.4,,860312.0,,,,1584.0,1603691.0,75363.0,1.42,102.9809,,,,,,165994.0,255391.0,20801.3,
2023-06-01,18742.1,,867505.0,,,,1421.0,1615110.0,74769.0,1.42,102.3809,,,,,,164797.0,253648.0,20782.8,
2023-07-01,18850.5,770.621,881772.0,3400.854,,67.248,1460.0,1632549.0,75140.0,1.41,103.0722,1474.823,2360.788,2975.527,,,168286.0,256580.0,20772.3,27967.697
2023-08-01,18911.6,,882108.0,,,,1317.0,1646568.0,74387.0,1.4,103.0951,,,,,,172138.0,256358.0,20747.3,
2023-09-01,19024.9,,886131.0,,,,1371.0,1652940.0,74534.0,1.38,103.3081,,,,,,175342.0,259101.0,20720.6,
2023-10-01,19069.5,775.486,885925.0,3432.91,,44.594,1368.0,1664629.0,74163.0,1.4,102.5781,1473.549,2395.915,3018.972,,,174325.0,261555.0,20687.6,28296.967
2023-11-01,19151.0,,891008.0,,,,1514.0,1680601.0,74284.0,1.4,102.8868,,,,,,168469.0,256913.0,20696.8,
2023-12-01,19289.9,,893388.0,,,,1521.0,1684658.0,74073.0,1.4,102.6309,,,,,,171647.0,259819.0,20701.5,
2024-01-01,19308.5,800.765,901541.0,3470.983,,17.744,1381.0,1677114.0,73668.0,1.41,101.483,1472.192,2414.007,3070.701,,,170216.0,262856.0,20773.1,28624.069
2024-02-01,19412.7,,914476.0,,,,1552.0,1689654.0,73969.0,1.4,102.7267,,,,,,175344.0,267734.0,20861.2,
2024-03-01,19553.2,,907954.0,,,,1312.0,1684400.0,73986.0,1.4,102.5186,,,,,,171506.0,264629.0,20901.4,
2024-04-01,19603.3,795.185,935883.0,3504.13,,71.668,1385.0,1709974.0,74040.0,1.4,102.3568,1487.773,2427.888,3100.862,,,173037.0,271994.0,20932.5,29016.714
2024-05-01,19697.3,,952669.0,,,,1316.0,1719907.0,73137.0,1.41,102.9797,,,,,,170321.0,270951.0,20997.0,
2024-06-01,19747.5,,941441.0,,,,1327.0,1710951.0,73544.0,1.41,103.2534,,,,,,173318.0,272881.0,21065.4,
2024-07-01,19866.3,786.523,936627.0,3538.799,,57.883,1265.0,1701667.0,73430.0,1.4,102.5192,1519.965,2445.286,3141.562,,,174671.0,279021.0,21098.0,29374.914
2024-08-01,19905.0,,933151.0,,,,1391.0,1701488.0,73738.0,1.41,103.0196,,,,,,177954.0,275071.0,21185.0,
2024-09-01,20044.1,,927509.0,,,,1357.0,1692136.0,74487.0,1.41,102.5954,,,,,,175484.0,283206.0,21272.0,
2024-10-01,20123.2,797.108,926366.0,3512.419,,8.893,1352.0,1683757.0,73440.0,1.41,102.2138,1534.927,2460.444,3175.027,,,170941.0,271029.0,21323.2,29723.864
2024-11-01,20235.1,,924316.0,,,,1295.0,1682467.0,74311.0,1.4,101.9503,,,,,,176509.0,282510.0,21424.2,
2024-12-01,20408.1,,928485.0,,,,1514.0,1672510.0,74595.0,1.39,103.0447,,,,,,170476.0,293299.0,21441.9,
2025-01-01,20370.0,794.424,912128.0,3599.875,,160.499,1358.0,1663223.0,75971.0,1.4,102.9343,1516.78,2472.535,3221.511,,,173763.0,329909.0,21519.8,29962.047
2025-02-01,20436.3,,908929.0,,,,1490.0,1660300.0,75561.0,1.39,104.0003,,,,,,181006.0,328250.0,21613.5,
2025-03-01,20578.5,,897761.0,,,,1355.0,1642676.0,75781.0,1.38,103.7483,,,,,,184266.0,346837.0,21706.4,
2025-04-01,20622.0,,893665.0,,,,1392.0,1634245.0,74631.0,1.38,103.8216,,,,,,191597.0,277901.0,21862.4,
2025-05-01,20592.7,,888904.0,,,,1256.0,1626591.0,75917.0,,103.5948,,,,,,180207.0,277718.0,21942.0,
